experiment,experiment_label,dataset,output_method,metric,n_pairs,mean_delta,median_delta,std_delta,wins,ties,losses,wilcoxon_statistic,wilcoxon_p_value,bootstrap_mean_ci_low,bootstrap_mean_ci_high
r01_selective35_bfs,"R01 - Selective fuzzy-Harris, 35 seeds, radius 0, BFS",CHASEDB1,APSRG,accuracy,28,0.02369858697983693,0.02239896146146142,0.008539347369936267,28,0,0,0.0,7.450580596923828e-09,0.020642764230003784,0.026957463415796672
r01_selective35_bfs,"R01 - Selective fuzzy-Harris, 35 seeds, radius 0, BFS",DRIVE,APSRG,accuracy,20,-0.01666912158762034,-0.019325935843391984,0.014859369368074107,3,0,17,14.0,0.000209808349609375,-0.02277330895092048,-0.010029110331398462
r01_selective35_bfs,"R01 - Selective fuzzy-Harris, 35 seeds, radius 0, BFS",STARE,APSRG,accuracy,20,0.013849586776859508,0.00199173553719012,0.029226153351229186,10,0,10,71.0,0.21616744995117188,0.002342883707201874,0.027165649350649346
r01_selective35_bfs,"R01 - Selective fuzzy-Harris, 35 seeds, radius 0, BFS",CHASEDB1,APSRG,precision,28,0.2423295433011769,0.25952005617851936,0.06969828041740414,28,0,0,0.0,7.450580596923828e-09,0.216345819590011,0.26659959131678407
r01_selective35_bfs,"R01 - Selective fuzzy-Harris, 35 seeds, radius 0, BFS",DRIVE,APSRG,precision,20,0.06833090937381656,0.06250971641258235,0.07100914468881349,17,0,3,16.0,0.0003223419189453125,0.03908151884044934,0.09885752448059083
r01_selective35_bfs,"R01 - Selective fuzzy-Harris, 35 seeds, radius 0, BFS",STARE,APSRG,precision,20,0.17191654635895146,0.1451085647264868,0.11927909367158969,20,0,0,0.0,1.9073486328125e-06,0.12237730001046541,0.22347866473197145
r01_selective35_bfs,"R01 - Selective fuzzy-Harris, 35 seeds, radius 0, BFS",CHASEDB1,APSRG,recall,28,-0.3487950256666167,-0.36785370554129104,0.08966755880876903,0,0,28,0.0,7.450580596923828e-09,-0.3809517770428329,-0.3154495676841701
r01_selective35_bfs,"R01 - Selective fuzzy-Harris, 35 seeds, radius 0, BFS",DRIVE,APSRG,recall,20,-0.32168919134387003,-0.31986270879562195,0.08396013352139241,0,0,20,0.0,1.9073486328125e-06,-0.35773902364414206,-0.2858464850539314
r01_selective35_bfs,"R01 - Selective fuzzy-Harris, 35 seeds, radius 0, BFS",STARE,APSRG,recall,20,-0.3947904708215872,-0.36264802777735156,0.12009415228638931,0,0,20,0.0,1.9073486328125e-06,-0.44527134784035166,-0.34565119520929677
r01_selective35_bfs,"R01 - Selective fuzzy-Harris, 35 seeds, radius 0, BFS",CHASEDB1,APSRG,specificity,28,0.0518327571065158,0.05328666059175269,0.005807010031611953,28,0,0,0.0,7.450580596923828e-09,0.04965157459684901,0.05385111588772571
r01_selective35_bfs,"R01 - Selective fuzzy-Harris, 35 seeds, radius 0, BFS",DRIVE,APSRG,specificity,20,0.02612830153961259,0.02006602424062276,0.01551598827251994,20,0,0,0.0,1.9073486328125e-06,0.019964944559975238,0.03335030669063223
r01_selective35_bfs,"R01 - Selective fuzzy-Harris, 35 seeds, radius 0, BFS",STARE,APSRG,specificity,20,0.047370812775844734,0.039272692752011895,0.02456717117131246,20,0,0,0.0,1.9073486328125e-06,0.037240484692781434,0.0583200375549824
r01_selective35_bfs,"R01 - Selective fuzzy-Harris, 35 seeds, radius 0, BFS",CHASEDB1,APSRG,f1_score,28,-0.09172202200548156,-0.11051006856170692,0.09986639812433179,5,0,23,42.0,8.20159912109375e-05,-0.1260731860791454,-0.05446297756001587
r01_selective35_bfs,"R01 - Selective fuzzy-Harris, 35 seeds, radius 0, BFS",DRIVE,APSRG,f1_score,20,-0.19908687995301708,-0.21519781063214716,0.06652413261775278,0,0,20,0.0,1.9073486328125e-06,-0.22642271947690212,-0.17028199584639356
r01_selective35_bfs,"R01 - Selective fuzzy-Harris, 35 seeds, radius 0, BFS",STARE,APSRG,f1_score,20,-0.1157256386599057,-0.1257120737692501,0.13943430001621632,3,0,17,25.0,0.001689910888671875,-0.17696641094705923,-0.05567090143547608
r01_selective35_bfs,"R01 - Selective fuzzy-Harris, 35 seeds, radius 0, BFS",CHASEDB1,APSRG,iou,28,-0.07765814013416739,-0.10114910502351351,0.08616519189457257,5,0,23,45.0,0.00011970102787017822,-0.10741181694028913,-0.04636411693686767
r01_selective35_bfs,"R01 - Selective fuzzy-Harris, 35 seeds, radius 0, BFS",DRIVE,APSRG,iou,20,-0.20178225474761002,-0.20574260111430429,0.06217177861745494,0,0,20,0.0,1.9073486328125e-06,-0.22806652514898224,-0.1739384565962511
r01_selective35_bfs,"R01 - Selective fuzzy-Harris, 35 seeds, radius 0, BFS",STARE,APSRG,iou,20,-0.11946297879493076,-0.14280585118587555,0.13028786476971121,3,0,17,24.0,0.0014324188232421875,-0.1729432861531524,-0.06344663546719456
r01_selective35_bfs,"R01 - Selective fuzzy-Harris, 35 seeds, radius 0, BFS",CHASEDB1,APSRG,balanced_accuracy,28,-0.14848113428005047,-0.15842925422767845,0.04422920666515324,0,0,28,0.0,7.450580596923828e-09,-0.1641754692332279,-0.13233304614198038
r01_selective35_bfs,"R01 - Selective fuzzy-Harris, 35 seeds, radius 0, BFS",DRIVE,APSRG,balanced_accuracy,20,-0.14778044490212866,-0.14613996099786875,0.03760707416146518,0,0,20,0.0,1.9073486328125e-06,-0.1640482629132452,-0.1323574588355165
r01_selective35_bfs,"R01 - Selective fuzzy-Harris, 35 seeds, radius 0, BFS",STARE,APSRG,balanced_accuracy,20,-0.17370982902287124,-0.16430532313602408,0.06102400892679043,0,0,20,0.0,1.9073486328125e-06,-0.20062873621025978,-0.1485875660534994
r01_selective35_bfs,"R01 - Selective fuzzy-Harris, 35 seeds, radius 0, BFS",CHASEDB1,APSRG,dice,28,-0.09172202200548156,-0.11051006856170692,0.09986639812433179,5,0,23,42.0,8.20159912109375e-05,-0.12701116456946102,-0.05460930369489222
r01_selective35_bfs,"R01 - Selective fuzzy-Harris, 35 seeds, radius 0, BFS",DRIVE,APSRG,dice,20,-0.19908687995301708,-0.21519781063214716,0.06652413261775278,0,0,20,0.0,1.9073486328125e-06,-0.22730154937796318,-0.1706147462500947
r01_selective35_bfs,"R01 - Selective fuzzy-Harris, 35 seeds, radius 0, BFS",STARE,APSRG,dice,20,-0.1157256386599057,-0.1257120737692501,0.13943430001621632,3,0,17,25.0,0.001689910888671875,-0.17439913627724446,-0.053819130407880764
r01_selective35_bfs,"R01 - Selective fuzzy-Harris, 35 seeds, radius 0, BFS",CHASEDB1,CA-APSRG,accuracy,28,0.01996080902330901,0.019490845011678415,0.008722553818225075,28,0,0,0.0,7.450580596923828e-09,0.016944688363959202,0.02325410510957388
r01_selective35_bfs,"R01 - Selective fuzzy-Harris, 35 seeds, radius 0, BFS",DRIVE,CA-APSRG,accuracy,20,-0.016978580328480708,-0.01926652118410027,0.014535691945556263,3,0,17,12.0,0.000133514404296875,-0.02297242833446725,-0.010323670394196172
r01_selective35_bfs,"R01 - Selective fuzzy-Harris, 35 seeds, radius 0, BFS",STARE,CA-APSRG,accuracy,20,0.012114994096812238,0.001213695395513581,0.02643618967640555,10,0,10,72.0,0.2305126190185547,0.0017621428571428098,0.02395855962219596
r01_selective35_bfs,"R01 - Selective fuzzy-Harris, 35 seeds, radius 0, BFS",CHASEDB1,CA-APSRG,precision,28,0.22607888569617507,0.24323697268577635,0.06622447864552072,28,0,0,0.0,7.450580596923828e-09,0.2011467366379593,0.25010935066127366
r01_selective35_bfs,"R01 - Selective fuzzy-Harris, 35 seeds, radius 0, BFS",DRIVE,CA-APSRG,precision,20,0.06646015930984721,0.060471562250951516,0.06960627972850458,17,0,3,18.0,0.0004825592041015625,0.03771962059712918,0.09690415462689136
r01_selective35_bfs,"R01 - Selective fuzzy-Harris, 35 seeds, radius 0, BFS",STARE,CA-APSRG,precision,20,0.16742130892872395,0.14461488013141932,0.11365641674521315,20,0,0,0.0,1.9073486328125e-06,0.12096023703116915,0.2181911486991657
r01_selective35_bfs,"R01 - Selective fuzzy-Harris, 35 seeds, radius 0, BFS",CHASEDB1,CA-APSRG,recall,28,-0.34672376544923544,-0.366477468642302,0.0890663599902594,0,0,28,0.0,7.450580596923828e-09,-0.3779713936989603,-0.3135562286822453
r01_selective35_bfs,"R01 - Selective fuzzy-Harris, 35 seeds, radius 0, BFS",DRIVE,CA-APSRG,recall,20,-0.3203801300877549,-0.3195677062771417,0.08389258616344111,0,0,20,0.0,1.9073486328125e-06,-0.35591539941328576,-0.28491769514011656
r01_selective35_bfs,"R01 - Selective fuzzy-Harris, 35 seeds, radius 0, BFS",STARE,CA-APSRG,recall,20,-0.3943179798871942,-0.3625386514955983,0.12021028314898793,0,0,20,0.0,1.9073486328125e-06,-0.4470261865210294,-0.34496568492240354
r01_selective35_bfs,"R01 - Selective fuzzy-Harris, 35 seeds, radius 0, BFS",CHASEDB1,CA-APSRG,specificity,28,0.04764531711720694,0.04877322845109561,0.005037689746602333,28,0,0,0.0,7.450580596923828e-09,0.045734524532678594,0.04947090218978308
r01_selective35_bfs,"R01 - Selective fuzzy-Harris, 35 seeds, radius 0, BFS",DRIVE,CA-APSRG,specificity,20,0.02559530625685879,0.019306801565699194,0.01511862108529584,20,0,0,0.0,1.9073486328125e-06,0.01982586388057426,0.03258256426204823
r01_selective35_bfs,"R01 - Selective fuzzy-Harris, 35 seeds, radius 0, BFS",STARE,CA-APSRG,specificity,20,0.04549729235804615,0.038385135605671195,0.021501834772940476,20,0,0,0.0,1.9073486328125e-06,0.03634240569371541,0.05513457975486899
r01_selective35_bfs,"R01 - Selective fuzzy-Harris, 35 seeds, radius 0, BFS",CHASEDB1,CA-APSRG,f1_score,28,-0.10263026179244801,-0.12274069716316205,0.10100474041811454,4,0,24,36.0,3.663450479507446e-05,-0.13797808947480228,-0.06561120462253474
r01_selective35_bfs,"R01 - Selective fuzzy-Harris, 35 seeds, radius 0, BFS",DRIVE,CA-APSRG,f1_score,20,-0.19958895580573063,-0.21573850178086196,0.06626080395694696,0,0,20,0.0,1.9073486328125e-06,-0.22775665616652374,-0.17089984057922494
r01_selective35_bfs,"R01 - Selective fuzzy-Harris, 35 seeds, radius 0, BFS",STARE,CA-APSRG,f1_score,20,-0.11985479683367006,-0.1263070300429352,0.13541921703780063,3,0,17,23.0,0.001209259033203125,-0.17654296288378304,-0.061328637931796354
r01_selective35_bfs,"R01 - Selective fuzzy-Harris, 35 seeds, radius 0, BFS",CHASEDB1,CA-APSRG,iou,28,-0.08814936213159155,-0.11336017120745709,0.08745578692655692,4,0,24,37.0,4.2110681533813477e-05,-0.11889943806967358,-0.05528627166423455
r01_selective35_bfs,"R01 - Selective fuzzy-Harris, 35 seeds, radius 0, BFS",DRIVE,CA-APSRG,iou,20,-0.202266548405015,-0.2070171460770097,0.061717190889356545,0,0,20,0.0,1.9073486328125e-06,-0.22830854751350982,-0.17537788293711593
r01_selective35_bfs,"R01 - Selective fuzzy-Harris, 35 seeds, radius 0, BFS",STARE,CA-APSRG,iou,20,-0.12319991745892016,-0.14487754752572082,0.12700327423828678,3,0,17,22.0,0.0010166168212890625,-0.17824392646749881,-0.06830018705754626
r01_selective35_bfs,"R01 - Selective fuzzy-Harris, 35 seeds, radius 0, BFS",CHASEDB1,CA-APSRG,balanced_accuracy,28,-0.14953922416601426,-0.15975562782490305,0.044111252836055,0,0,28,0.0,7.450580596923828e-09,-0.16525234246397275,-0.13380074898315908
r01_selective35_bfs,"R01 - Selective fuzzy-Harris, 35 seeds, radius 0, BFS",DRIVE,CA-APSRG,balanced_accuracy,20,-0.1473924119154481,-0.14581707193781424,0.03761244894555261,0,0,20,0.0,1.9073486328125e-06,-0.16312762525151783,-0.1314555474919053
r01_selective35_bfs,"R01 - Selective fuzzy-Harris, 35 seeds, radius 0, BFS",STARE,CA-APSRG,balanced_accuracy,20,-0.17441034376457404,-0.16437537083217468,0.06088516140304463,0,0,20,0.0,1.9073486328125e-06,-0.20076800268937975,-0.1496890637441329
r01_selective35_bfs,"R01 - Selective fuzzy-Harris, 35 seeds, radius 0, BFS",CHASEDB1,CA-APSRG,dice,28,-0.10263026179244801,-0.12274069716316205,0.10100474041811454,4,0,24,36.0,3.663450479507446e-05,-0.13775941995864846,-0.06516788113712296
r01_selective35_bfs,"R01 - Selective fuzzy-Harris, 35 seeds, radius 0, BFS",DRIVE,CA-APSRG,dice,20,-0.19958895580573063,-0.21573850178086196,0.06626080395694696,0,0,20,0.0,1.9073486328125e-06,-0.22715530427400374,-0.17157735128168766
r01_selective35_bfs,"R01 - Selective fuzzy-Harris, 35 seeds, radius 0, BFS",STARE,CA-APSRG,dice,20,-0.11985479683367006,-0.1263070300429352,0.13541921703780063,3,0,17,23.0,0.001209259033203125,-0.17821626064729426,-0.06172808414258592
r02_selective77_radius1_bfs,"R02 - Selective fuzzy-Harris, 77 seeds, radius 1, BFS",CHASEDB1,APSRG,accuracy,28,0.025970464512131152,0.024870182682682596,0.0067537132435249595,28,0,0,0.0,7.450580596923828e-09,0.023586427759604848,0.028368253856535113
r02_selective77_radius1_bfs,"R02 - Selective fuzzy-Harris, 77 seeds, radius 1, BFS",DRIVE,APSRG,accuracy,20,-0.012016941655563546,-0.016728866295497524,0.014630097752133588,3,0,17,28.0,0.002712249755859375,-0.017760516046459538,-0.005313559384912029
r02_selective77_radius1_bfs,"R02 - Selective fuzzy-Harris, 77 seeds, radius 1, BFS",STARE,APSRG,accuracy,20,0.014939197166469919,0.006148760330578651,0.027730895941688993,13,0,7,56.0,0.069580078125,0.0039529693034238735,0.027390971074380197
r02_selective77_radius1_bfs,"R02 - Selective fuzzy-Harris, 77 seeds, radius 1, BFS",CHASEDB1,APSRG,precision,28,0.21604796896525214,0.23263560847499434,0.044675804610364536,28,0,0,0.0,7.450580596923828e-09,0.19914368778441627,0.23141181883795736
r02_selective77_radius1_bfs,"R02 - Selective fuzzy-Harris, 77 seeds, radius 1, BFS",DRIVE,APSRG,precision,20,0.062085111211107866,0.05705110588545881,0.06691853932625257,15,0,5,23.0,0.001209259033203125,0.034322731016546086,0.09071819734159983
r02_selective77_radius1_bfs,"R02 - Selective fuzzy-Harris, 77 seeds, radius 1, BFS",STARE,APSRG,precision,20,0.15655258105948472,0.13029510523532967,0.10745554164061352,19,0,1,1.0,3.814697265625e-06,0.1121807771516033,0.20376511270308229
r02_selective77_radius1_bfs,"R02 - Selective fuzzy-Harris, 77 seeds, radius 1, BFS",CHASEDB1,APSRG,recall,28,-0.2537514561077436,-0.2651083864012125,0.061381348522276016,0,0,28,0.0,7.450580596923828e-09,-0.2753848407018896,-0.23091649264116584
r02_selective77_radius1_bfs,"R02 - Selective fuzzy-Harris, 77 seeds, radius 1, BFS",DRIVE,APSRG,recall,20,-0.2524241019831192,-0.2420883607626255,0.05689748494146341,0,0,20,0.0,1.9073486328125e-06,-0.2781222601003734,-0.22832621053472138
r02_selective77_radius1_bfs,"R02 - Selective fuzzy-Harris, 77 seeds, radius 1, BFS",STARE,APSRG,recall,20,-0.33006732456980925,-0.3452748865039136,0.07646129502050084,0,0,20,0.0,1.9073486328125e-06,-0.3620840071461826,-0.29598051461772584
r02_selective77_radius1_bfs,"R02 - Selective fuzzy-Harris, 77 seeds, radius 1, BFS",CHASEDB1,APSRG,specificity,28,0.04701297395305235,0.04781002479567226,0.004686977707552434,28,0,0,0.0,7.450580596923828e-09,0.045286104798513284,0.04877905323018832
r02_selective77_radius1_bfs,"R02 - Selective fuzzy-Harris, 77 seeds, radius 1, BFS",DRIVE,APSRG,specificity,20,0.02194088023664955,0.021409888348490114,0.01303439361347266,20,0,0,0.0,1.9073486328125e-06,0.01682533321462265,0.027656480125461826
r02_selective77_radius1_bfs,"R02 - Selective fuzzy-Harris, 77 seeds, radius 1, BFS",STARE,APSRG,specificity,20,0.04331106192935659,0.03451734852831201,0.02318945222171285,20,0,0,0.0,1.9073486328125e-06,0.033890075425867916,0.053563452221544516
r02_selective77_radius1_bfs,"R02 - Selective fuzzy-Harris, 77 seeds, radius 1, BFS",CHASEDB1,APSRG,f1_score,28,-0.01668860212005279,-0.024026269398772004,0.06292195493843922,10,0,18,140.0,0.156909741461277,-0.03899713972158419,0.0061543754895936826
r02_selective77_radius1_bfs,"R02 - Selective fuzzy-Harris, 77 seeds, radius 1, BFS",DRIVE,APSRG,f1_score,20,-0.14060719246719358,-0.13942391344002442,0.056806909781664645,0,0,20,0.0,1.9073486328125e-06,-0.16449008377601596,-0.11632974707143015
r02_selective77_radius1_bfs,"R02 - Selective fuzzy-Harris, 77 seeds, radius 1, BFS",STARE,APSRG,f1_score,20,-0.07009881117567038,-0.0902363572034729,0.1100592460699375,3,0,17,35.0,0.0072956085205078125,-0.11435933708023178,-0.019119618298371215
r02_selective77_radius1_bfs,"R02 - Selective fuzzy-Harris, 77 seeds, radius 1, BFS",CHASEDB1,APSRG,iou,28,-0.014111330485572848,-0.022662231768816515,0.05828686461200186,10,0,18,144.0,0.18578492105007172,-0.034636467554842836,0.007419650746299266
r02_selective77_radius1_bfs,"R02 - Selective fuzzy-Harris, 77 seeds, radius 1, BFS",DRIVE,APSRG,iou,20,-0.1507443523580797,-0.1586422029431429,0.06126162770973498,0,0,20,0.0,1.9073486328125e-06,-0.1765527101949815,-0.1244824312946066
r02_selective77_radius1_bfs,"R02 - Selective fuzzy-Harris, 77 seeds, radius 1, BFS",STARE,APSRG,iou,20,-0.07965956287909913,-0.10051216578930633,0.11094871295607209,3,0,17,31.0,0.0042209625244140625,-0.12476460777400857,-0.03184547395832656
r02_selective77_radius1_bfs,"R02 - Selective fuzzy-Harris, 77 seeds, radius 1, BFS",CHASEDB1,APSRG,balanced_accuracy,28,-0.10336924107734559,-0.108789102581409,0.03054399357549824,0,0,28,0.0,7.450580596923828e-09,-0.11451044974246023,-0.09193313176835186
r02_selective77_radius1_bfs,"R02 - Selective fuzzy-Harris, 77 seeds, radius 1, BFS",DRIVE,APSRG,balanced_accuracy,20,-0.11524161087323485,-0.11075123702772643,0.027563387979523506,0,0,20,0.0,1.9073486328125e-06,-0.1272353679463578,-0.10409418098398247
r02_selective77_radius1_bfs,"R02 - Selective fuzzy-Harris, 77 seeds, radius 1, BFS",STARE,APSRG,balanced_accuracy,20,-0.14337813132022634,-0.15229388796269572,0.04283562900263908,0,0,20,0.0,1.9073486328125e-06,-0.16120678126195231,-0.12444911033636688
r02_selective77_radius1_bfs,"R02 - Selective fuzzy-Harris, 77 seeds, radius 1, BFS",CHASEDB1,APSRG,dice,28,-0.01668860212005279,-0.024026269398772004,0.06292195493843922,10,0,18,140.0,0.156909741461277,-0.03841026519142757,0.00661774959739211
r02_selective77_radius1_bfs,"R02 - Selective fuzzy-Harris, 77 seeds, radius 1, BFS",DRIVE,APSRG,dice,20,-0.14060719246719358,-0.13942391344002442,0.056806909781664645,0,0,20,0.0,1.9073486328125e-06,-0.1644955671619823,-0.11527259717194743
r02_selective77_radius1_bfs,"R02 - Selective fuzzy-Harris, 77 seeds, radius 1, BFS",STARE,APSRG,dice,20,-0.07009881117567038,-0.0902363572034729,0.1100592460699375,3,0,17,35.0,0.0072956085205078125,-0.11343137095226252,-0.021707577120090797
r02_selective77_radius1_bfs,"R02 - Selective fuzzy-Harris, 77 seeds, radius 1, BFS",CHASEDB1,CA-APSRG,accuracy,28,0.02223830973830975,0.020032011177844422,0.006925486401275568,28,0,0,0.0,7.450580596923828e-09,0.019777402960996754,0.024847328727537137
r02_selective77_radius1_bfs,"R02 - Selective fuzzy-Harris, 77 seeds, radius 1, BFS",DRIVE,CA-APSRG,accuracy,20,-0.01231673924791602,-0.016783738664899128,0.01430083165326159,3,0,17,27.0,0.0023250579833984375,-0.017920972673943145,-0.005946590565535634
r02_selective77_radius1_bfs,"R02 - Selective fuzzy-Harris, 77 seeds, radius 1, BFS",STARE,CA-APSRG,accuracy,20,0.013207792207792207,0.005740259740259823,0.0249138934486598,13,0,7,56.0,0.069580078125,0.0031176328217237498,0.024242154663518308
r02_selective77_radius1_bfs,"R02 - Selective fuzzy-Harris, 77 seeds, radius 1, BFS",CHASEDB1,CA-APSRG,precision,28,0.19985483030867343,0.21208408163426679,0.0418228589215831,28,0,0,0.0,7.450580596923828e-09,0.18404593012531734,0.2144404901123254
r02_selective77_radius1_bfs,"R02 - Selective fuzzy-Harris, 77 seeds, radius 1, BFS",DRIVE,CA-APSRG,precision,20,0.06013036126264541,0.055873432161331504,0.06608957417576317,15,0,5,23.0,0.001209259033203125,0.033094823879633264,0.08894542270574093
r02_selective77_radius1_bfs,"R02 - Selective fuzzy-Harris, 77 seeds, radius 1, BFS",STARE,CA-APSRG,precision,20,0.15205647042792445,0.12943749170199462,0.10255758368877957,19,0,1,1.0,3.814697265625e-06,0.11021761190554222,0.19678568991913747
r02_selective77_radius1_bfs,"R02 - Selective fuzzy-Harris, 77 seeds, radius 1, BFS",CHASEDB1,CA-APSRG,recall,28,-0.2516798219847394,-0.2631792102549281,0.06084012753788459,0,0,28,0.0,7.450580596923828e-09,-0.2731881804409993,-0.22974046884675006
r02_selective77_radius1_bfs,"R02 - Selective fuzzy-Harris, 77 seeds, radius 1, BFS",DRIVE,CA-APSRG,recall,20,-0.2509478703799565,-0.2408643726601393,0.05696839519490054,0,0,20,0.0,1.9073486328125e-06,-0.27633260284804034,-0.2274025107431742
r02_selective77_radius1_bfs,"R02 - Selective fuzzy-Harris, 77 seeds, radius 1, BFS",STARE,CA-APSRG,recall,20,-0.32956732692787244,-0.3451825455282651,0.0766232534865676,0,0,20,0.0,1.9073486328125e-06,-0.361751649915161,-0.29723999346059654
r02_selective77_radius1_bfs,"R02 - Selective fuzzy-Harris, 77 seeds, radius 1, BFS",CHASEDB1,CA-APSRG,specificity,28,0.04283141103340556,0.043618800997779206,0.004085556398988482,28,0,0,0.0,7.450580596923828e-09,0.04135441790391117,0.04434083299386985
r02_selective77_radius1_bfs,"R02 - Selective fuzzy-Harris, 77 seeds, radius 1, BFS",DRIVE,CA-APSRG,specificity,20,0.021395968907210145,0.021167045541838736,0.012664461552934153,20,0,0,0.0,1.9073486328125e-06,0.016265642719177725,0.02713717596700508
r02_selective77_radius1_bfs,"R02 - Selective fuzzy-Harris, 77 seeds, radius 1, BFS",STARE,CA-APSRG,specificity,20,0.04143870589125095,0.03421052258534202,0.020158389459752356,20,0,0,0.0,1.9073486328125e-06,0.03327440149852595,0.050589234822144315
r02_selective77_radius1_bfs,"R02 - Selective fuzzy-Harris, 77 seeds, radius 1, BFS",CHASEDB1,CA-APSRG,f1_score,28,-0.027570723585526046,-0.030961365334039703,0.06396241412676279,9,0,19,112.0,0.0379299521446228,-0.050031281314241914,-0.0041387119193192256
r02_selective77_radius1_bfs,"R02 - Selective fuzzy-Harris, 77 seeds, radius 1, BFS",DRIVE,CA-APSRG,f1_score,20,-0.14095679076754847,-0.13848334694792996,0.056201338920714286,0,0,20,0.0,1.9073486328125e-06,-0.1642259287615756,-0.11672979644911755
r02_selective77_radius1_bfs,"R02 - Selective fuzzy-Harris, 77 seeds, radius 1, BFS",STARE,CA-APSRG,f1_score,20,-0.07420110554852746,-0.09199141955067036,0.10460346315638439,3,0,17,34.0,0.006389617919921875,-0.11646671212602892,-0.02588910104588703
r02_selective77_radius1_bfs,"R02 - Selective fuzzy-Harris, 77 seeds, radius 1, BFS",CHASEDB1,CA-APSRG,iou,28,-0.024578224381810367,-0.030583999815160495,0.059453058641786065,9,0,19,115.0,0.0451183095574379,-0.04548084723470859,-0.002550786241847765
r02_selective77_radius1_bfs,"R02 - Selective fuzzy-Harris, 77 seeds, radius 1, BFS",DRIVE,CA-APSRG,iou,20,-0.1510929442017932,-0.15742028816720754,0.060546287790615924,0,0,20,0.0,1.9073486328125e-06,-0.1768726175543691,-0.12480275608698412
r02_selective77_radius1_bfs,"R02 - Selective fuzzy-Harris, 77 seeds, radius 1, BFS",STARE,CA-APSRG,iou,20,-0.08336879533542174,-0.1026700507353289,0.10675764838495212,3,0,17,30.0,0.00365447998046875,-0.12803942960930112,-0.0378228405036494
r02_selective77_radius1_bfs,"R02 - Selective fuzzy-Harris, 77 seeds, radius 1, BFS",CHASEDB1,CA-APSRG,balanced_accuracy,28,-0.10442420547566685,-0.1103429325593645,0.030411546361351238,0,0,28,0.0,7.450580596923828e-09,-0.11558750523629077,-0.0930405421362333
r02_selective77_radius1_bfs,"R02 - Selective fuzzy-Harris, 77 seeds, radius 1, BFS",DRIVE,CA-APSRG,balanced_accuracy,20,-0.11477595073637314,-0.11021807272990791,0.027532251080559914,0,0,20,0.0,1.9073486328125e-06,-0.1269693431842203,-0.10356786409850313
r02_selective77_radius1_bfs,"R02 - Selective fuzzy-Harris, 77 seeds, radius 1, BFS",STARE,CA-APSRG,balanced_accuracy,20,-0.14406431051831073,-0.15353542661338715,0.04219029581935402,0,0,20,0.0,1.9073486328125e-06,-0.16143869159930718,-0.12496968553970654
r02_selective77_radius1_bfs,"R02 - Selective fuzzy-Harris, 77 seeds, radius 1, BFS",CHASEDB1,CA-APSRG,dice,28,-0.027570723585526046,-0.030961365334039703,0.06396241412676279,9,0,19,112.0,0.0379299521446228,-0.050364733054366354,-0.00405756256458215
r02_selective77_radius1_bfs,"R02 - Selective fuzzy-Harris, 77 seeds, radius 1, BFS",DRIVE,CA-APSRG,dice,20,-0.14095679076754847,-0.13848334694792996,0.056201338920714286,0,0,20,0.0,1.9073486328125e-06,-0.16389479827848374,-0.11673188160174551
r02_selective77_radius1_bfs,"R02 - Selective fuzzy-Harris, 77 seeds, radius 1, BFS",STARE,CA-APSRG,dice,20,-0.07420110554852746,-0.09199141955067036,0.10460346315638439,3,0,17,34.0,0.006389617919921875,-0.11508708096429152,-0.02653281890996538
r03_edge_region_mean,R03 - Selective 77/radius 1 with region-mean edge growing,CHASEDB1,APSRG,accuracy,28,0.01680899649649647,0.016039998331664918,0.009254503931826598,26,0,2,3.0,3.725290298461914e-08,0.013468544809690623,0.020227764036357728
r03_edge_region_mean,R03 - Selective 77/radius 1 with region-mean edge growing,DRIVE,APSRG,accuracy,20,-0.0331084659905308,-0.03802769573663484,0.0228584468099859,2,0,18,7.0,3.62396240234375e-05,-0.04210355267003997,-0.022777680163574388
r03_edge_region_mean,R03 - Selective 77/radius 1 with region-mean edge growing,STARE,APSRG,accuracy,20,0.004047225501770951,-0.0049811097992915054,0.0340043574778067,8,0,12,100.0,0.8694877624511719,-0.009733536009445135,0.019685619834710677
r03_edge_region_mean,R03 - Selective 77/radius 1 with region-mean edge growing,CHASEDB1,APSRG,precision,28,0.22212995686725986,0.21537652720781814,0.09806268448618112,28,0,0,0.0,7.450580596923828e-09,0.18775169679194748,0.2601691892301171
r03_edge_region_mean,R03 - Selective 77/radius 1 with region-mean edge growing,DRIVE,APSRG,precision,20,0.09509683847143231,0.0396331937364941,0.14490208608596142,12,0,8,52.0,0.04844093322753906,0.03528486164708707,0.15938259270182073
r03_edge_region_mean,R03 - Selective 77/radius 1 with region-mean edge growing,STARE,APSRG,precision,20,0.24938755080424246,0.31360685731985105,0.21612782707651437,18,0,2,12.0,0.000133514404296875,0.15346953323986226,0.3377492603617063
r03_edge_region_mean,R03 - Selective 77/radius 1 with region-mean edge growing,CHASEDB1,APSRG,recall,28,-0.5216543091823596,-0.5312666269536345,0.046758805402637736,0,0,28,0.0,7.450580596923828e-09,-0.5384170730981951,-0.5045995453283467
r03_edge_region_mean,R03 - Selective 77/radius 1 with region-mean edge growing,DRIVE,APSRG,recall,20,-0.4997473936605753,-0.5084448216979432,0.06663958342061975,0,0,20,0.0,1.9073486328125e-06,-0.5269579008517715,-0.47005281342812344
r03_edge_region_mean,R03 - Selective 77/radius 1 with region-mean edge growing,STARE,APSRG,recall,20,-0.6245061101877083,-0.6567567774100342,0.09993554697143771,0,0,20,0.0,1.9073486328125e-06,-0.6612889683548006,-0.5766038721043332
r03_edge_region_mean,R03 - Selective 77/radius 1 with region-mean edge growing,CHASEDB1,APSRG,specificity,28,0.05671205354765629,0.0565514353956168,0.005888811981372352,28,0,0,0.0,7.450580596923828e-09,0.05461906508242004,0.05887529089861235
r03_edge_region_mean,R03 - Selective 77/radius 1 with region-mean edge growing,DRIVE,APSRG,specificity,20,0.03327859046353468,0.028395519722759388,0.016998974815347633,20,0,0,0.0,1.9073486328125e-06,0.026548419585591336,0.041018886819120415
r03_edge_region_mean,R03 - Selective 77/radius 1 with region-mean edge growing,STARE,APSRG,specificity,20,0.0562773257469313,0.05089262404927297,0.023236882570603887,20,0,0,0.0,1.9073486328125e-06,0.047000690159904226,0.06684641437352115
r03_edge_region_mean,R03 - Selective 77/radius 1 with region-mean edge growing,CHASEDB1,APSRG,f1_score,28,-0.2631407349178068,-0.2600727629957615,0.068104869042584,0,0,28,0.0,7.450580596923828e-09,-0.28824721119959806,-0.23713759030613937
r03_edge_region_mean,R03 - Selective 77/radius 1 with region-mean edge growing,DRIVE,APSRG,f1_score,20,-0.3906869459024014,-0.4140203648988394,0.0966745319816905,0,0,20,0.0,1.9073486328125e-06,-0.42932989506562436,-0.348584152586503
r03_edge_region_mean,R03 - Selective 77/radius 1 with region-mean edge growing,STARE,APSRG,f1_score,20,-0.33042676227700934,-0.4010460801168088,0.17627497649886825,2,0,18,3.0,9.5367431640625e-06,-0.3995515313936777,-0.2483831875243619
r03_edge_region_mean,R03 - Selective 77/radius 1 with region-mean edge growing,CHASEDB1,APSRG,iou,28,-0.21045652563231498,-0.20526193094586032,0.05222592137570947,0,0,28,0.0,7.450580596923828e-09,-0.22946353386881788,-0.19142454923893312
r03_edge_region_mean,R03 - Selective 77/radius 1 with region-mean edge growing,DRIVE,APSRG,iou,20,-0.3550831316419905,-0.380540188297252,0.08857958359709804,0,0,20,0.0,1.9073486328125e-06,-0.3900268226061236,-0.31621087735591846
r03_edge_region_mean,R03 - Selective 77/radius 1 with region-mean edge growing,STARE,APSRG,iou,20,-0.2941347660561232,-0.3439072026412338,0.160492950086362,2,0,18,3.0,9.5367431640625e-06,-0.36112068274860265,-0.2251845241831001
r03_edge_region_mean,R03 - Selective 77/radius 1 with region-mean edge growing,CHASEDB1,APSRG,balanced_accuracy,28,-0.23247112781735166,-0.23679782856964232,0.02295016412200392,0,0,28,0.0,7.450580596923828e-09,-0.24046995918010577,-0.22376341699097596
r03_edge_region_mean,R03 - Selective 77/radius 1 with region-mean edge growing,DRIVE,APSRG,balanced_accuracy,20,-0.2332344015985203,-0.2353319033136521,0.033644964144676305,0,0,20,0.0,1.9073486328125e-06,-0.2472881786223128,-0.2187153963557277
r03_edge_region_mean,R03 - Selective 77/radius 1 with region-mean edge growing,STARE,APSRG,balanced_accuracy,20,-0.2841143922203885,-0.30260467418965104,0.057109403307378015,0,0,20,0.0,1.9073486328125e-06,-0.30550163314669776,-0.25721733132795815
r03_edge_region_mean,R03 - Selective 77/radius 1 with region-mean edge growing,CHASEDB1,APSRG,dice,28,-0.2631407349178068,-0.2600727629957615,0.068104869042584,0,0,28,0.0,7.450580596923828e-09,-0.287036996572152,-0.23813642736081883
r03_edge_region_mean,R03 - Selective 77/radius 1 with region-mean edge growing,DRIVE,APSRG,dice,20,-0.3906869459024014,-0.4140203648988394,0.0966745319816905,0,0,20,0.0,1.9073486328125e-06,-0.4306982911443419,-0.34908966611230874
r03_edge_region_mean,R03 - Selective 77/radius 1 with region-mean edge growing,STARE,APSRG,dice,20,-0.33042676227700934,-0.4010460801168088,0.17627497649886825,2,0,18,3.0,9.5367431640625e-06,-0.3990258234421548,-0.24955355518360814
r03_edge_region_mean,R03 - Selective 77/radius 1 with region-mean edge growing,CHASEDB1,CA-APSRG,accuracy,28,0.013070734424901096,0.011875938438438427,0.009739462698417368,26,0,2,12.0,5.21540641784668e-07,0.009635821647540408,0.016538543752085428
r03_edge_region_mean,R03 - Selective 77/radius 1 with region-mean edge growing,DRIVE,CA-APSRG,accuracy,20,-0.03342295903092642,-0.03791776751869136,0.022553848040783964,2,0,18,6.0,2.6702880859375e-05,-0.0422068353363361,-0.023273239254797434
r03_edge_region_mean,R03 - Selective 77/radius 1 with region-mean edge growing,STARE,CA-APSRG,accuracy,20,0.0023166469893741992,-0.005289256198347081,0.031296129329459015,7,0,13,104.0,0.9854354858398438,-0.01037099468713113,0.01657561097992907
r03_edge_region_mean,R03 - Selective 77/radius 1 with region-mean edge growing,CHASEDB1,CA-APSRG,precision,28,0.20584511113588516,0.19851123286109873,0.09824541187162486,28,0,0,0.0,7.450580596923828e-09,0.17125604409278836,0.24206542959712876
r03_edge_region_mean,R03 - Selective 77/radius 1 with region-mean edge growing,DRIVE,CA-APSRG,precision,20,0.0931707818795037,0.03826358193006596,0.14444205853912612,12,0,8,54.0,0.058258056640625,0.03255299331109399,0.15657457956191909
r03_edge_region_mean,R03 - Selective 77/radius 1 with region-mean edge growing,STARE,CA-APSRG,precision,20,0.24494324139393336,0.31117927923477906,0.21319243336303648,18,0,2,12.0,0.000133514404296875,0.14598110493649966,0.33171453101836595
r03_edge_region_mean,R03 - Selective 77/radius 1 with region-mean edge growing,CHASEDB1,CA-APSRG,recall,28,-0.5195779735557974,-0.5301097091126054,0.04705080217113172,0,0,28,0.0,7.450580596923828e-09,-0.5361478083178333,-0.502416729674634
r03_edge_region_mean,R03 - Selective 77/radius 1 with region-mean edge growing,DRIVE,CA-APSRG,recall,20,-0.49852167683277465,-0.5074507767505161,0.0666546468715546,0,0,20,0.0,1.9073486328125e-06,-0.5266581856827873,-0.4697819271449334
r03_edge_region_mean,R03 - Selective 77/radius 1 with region-mean edge growing,STARE,CA-APSRG,recall,20,-0.6239785079045405,-0.6567567774100342,0.10052125398527825,0,0,20,0.0,1.9073486328125e-06,-0.6608895188297674,-0.5749607803726976
r03_edge_region_mean,R03 - Selective 77/radius 1 with region-mean edge growing,CHASEDB1,CA-APSRG,specificity,28,0.052523623583760934,0.05033362791453222,0.006239869690420778,28,0,0,0.0,7.450580596923828e-09,0.05031668511419602,0.05488962809889581
r03_edge_region_mean,R03 - Selective 77/radius 1 with region-mean edge growing,DRIVE,CA-APSRG,specificity,20,0.03275133312762715,0.02823382605436131,0.016632377258242334,20,0,0,0.0,1.9073486328125e-06,0.02610258219388364,0.04043426631260686
r03_edge_region_mean,R03 - Selective 77/radius 1 with region-mean edge growing,STARE,CA-APSRG,specificity,20,0.05440310723784074,0.050436677308682065,0.02039762251386715,20,0,0,0.0,1.9073486328125e-06,0.04601498415930631,0.06345840891494306
r03_edge_region_mean,R03 - Selective 77/radius 1 with region-mean edge growing,CHASEDB1,CA-APSRG,f1_score,28,-0.27404855874649037,-0.27127446627033,0.06894762369971794,0,0,28,0.0,7.450580596923828e-09,-0.29969046102104613,-0.24720230674229615
r03_edge_region_mean,R03 - Selective 77/radius 1 with region-mean edge growing,DRIVE,CA-APSRG,f1_score,20,-0.39139783958903557,-0.41341856314826475,0.09602440554919145,0,0,20,0.0,1.9073486328125e-06,-0.43026366645826564,-0.3474714455487225
r03_edge_region_mean,R03 - Selective 77/radius 1 with region-mean edge growing,STARE,CA-APSRG,f1_score,20,-0.3345252344749784,-0.4024691761690981,0.17067807517245825,2,0,18,3.0,9.5367431640625e-06,-0.40288250290586114,-0.25822736013112535
r03_edge_region_mean,R03 - Selective 77/radius 1 with region-mean edge growing,CHASEDB1,CA-APSRG,iou,28,-0.2209465595114662,-0.21574642014588435,0.05348668587157852,0,0,28,0.0,7.450580596923828e-09,-0.24091863620339524,-0.20169914640438386
r03_edge_region_mean,R03 - Selective 77/radius 1 with region-mean edge growing,DRIVE,CA-APSRG,iou,20,-0.3556527153198227,-0.3796619589585131,0.08784170130993847,0,0,20,0.0,1.9073486328125e-06,-0.3923478588710467,-0.3167271567278637
r03_edge_region_mean,R03 - Selective 77/radius 1 with region-mean edge growing,STARE,CA-APSRG,iou,20,-0.2978460365880496,-0.34506251282027844,0.15610468836894545,2,0,18,3.0,9.5367431640625e-06,-0.36024022160052,-0.22722360976401562
r03_edge_region_mean,R03 - Selective 77/radius 1 with region-mean edge growing,CHASEDB1,CA-APSRG,balanced_accuracy,28,-0.23352717498601822,-0.23824152913249474,0.02265245427408827,0,0,28,0.0,7.450580596923828e-09,-0.24160778720886752,-0.22496757444080678
r03_edge_region_mean,R03 - Selective 77/radius 1 with region-mean edge growing,DRIVE,CA-APSRG,balanced_accuracy,20,-0.23288517185257374,-0.23514767054052593,0.03357296238905147,0,0,20,0.0,1.9073486328125e-06,-0.24706813112474518,-0.21810896544634117
r03_edge_region_mean,R03 - Selective 77/radius 1 with region-mean edge growing,STARE,CA-APSRG,balanced_accuracy,20,-0.28478770033334977,-0.30275592513705185,0.0562689051568261,0,0,20,0.0,1.9073486328125e-06,-0.3059095294281227,-0.2575430396745448
r03_edge_region_mean,R03 - Selective 77/radius 1 with region-mean edge growing,CHASEDB1,CA-APSRG,dice,28,-0.27404855874649037,-0.27127446627033,0.06894762369971794,0,0,28,0.0,7.450580596923828e-09,-0.2993496863276371,-0.24914825367274254
r03_edge_region_mean,R03 - Selective 77/radius 1 with region-mean edge growing,DRIVE,CA-APSRG,dice,20,-0.39139783958903557,-0.41341856314826475,0.09602440554919145,0,0,20,0.0,1.9073486328125e-06,-0.4302200421503666,-0.34899554795564514
r03_edge_region_mean,R03 - Selective 77/radius 1 with region-mean edge growing,STARE,CA-APSRG,dice,20,-0.3345252344749784,-0.4024691761690981,0.17067807517245825,2,0,18,3.0,9.5367431640625e-06,-0.40231383259510467,-0.2566256306861185
r04_local_or_region,R04 - Selective 77/radius 1 with local-or-region acceptance,CHASEDB1,APSRG,accuracy,28,0.025204445516945513,0.023827473306639813,0.005672370084748158,28,0,0,0.0,7.450580596923828e-09,0.02315487641659515,0.027266051393655545
r04_local_or_region,R04 - Selective 77/radius 1 with local-or-region acceptance,DRIVE,APSRG,accuracy,20,-0.0008381943043731077,-0.003884071149100332,0.009683378497052406,7,0,13,87.0,0.5216732025146484,-0.004763985134230492,0.0036010374726918033
r04_local_or_region,R04 - Selective 77/radius 1 with local-or-region acceptance,STARE,APSRG,accuracy,20,0.0020533648170011688,-0.006462809917355317,0.028437376967100043,8,0,12,93.0,0.6742229461669922,-0.009070174144037723,0.015245289256198294
r04_local_or_region,R04 - Selective 77/radius 1 with local-or-region acceptance,CHASEDB1,APSRG,precision,28,0.15352523332903822,0.1565077247367378,0.03687718345912732,28,0,0,0.0,7.450580596923828e-09,0.1398304773341522,0.16613773008192476
r04_local_or_region,R04 - Selective 77/radius 1 with local-or-region acceptance,DRIVE,APSRG,precision,20,-0.030792370490259995,-0.04853039955589267,0.06062043238983237,6,0,14,50.0,0.039989471435546875,-0.05543554295910176,-0.005065306043271841
r04_local_or_region,R04 - Selective 77/radius 1 with local-or-region acceptance,STARE,APSRG,precision,20,-0.009344183859329148,-0.025685216219076185,0.11086391420807185,7,0,13,84.0,0.4523754119873047,-0.05501332268599755,0.039369216255787945
r04_local_or_region,R04 - Selective 77/radius 1 with local-or-region acceptance,CHASEDB1,APSRG,recall,28,-0.09776387871129957,-0.10707816307367257,0.04551118733798732,1,0,27,1.0,1.4901161193847656e-08,-0.11460011803718854,-0.08115001164317209
r04_local_or_region,R04 - Selective 77/radius 1 with local-or-region acceptance,DRIVE,APSRG,recall,20,0.04561403777981725,0.05416684346449335,0.04121767420310103,17,0,3,15.0,0.0002613067626953125,0.02782528845225003,0.06287313103835283
r04_local_or_region,R04 - Selective 77/radius 1 with local-or-region acceptance,STARE,APSRG,recall,20,0.004464401241912358,0.006533719062532195,0.0515528358292557,11,0,9,83.0,0.4304332733154297,-0.018051290770605355,0.025127786389254753
r04_local_or_region,R04 - Selective 77/radius 1 with local-or-region acceptance,CHASEDB1,APSRG,specificity,28,0.034328933728416826,0.03407591229100837,0.0061372458148370515,28,0,0,0.0,7.450580596923828e-09,0.03211361347602322,0.03650177848592485
r04_local_or_region,R04 - Selective 77/radius 1 with local-or-region acceptance,DRIVE,APSRG,specificity,20,-0.007799472056156881,-0.011997604895211011,0.015038818745500188,6,0,14,49.0,0.03623390197753906,-0.013908104521521617,-0.0011572149038632702
r04_local_or_region,R04 - Selective 77/radius 1 with local-or-region acceptance,STARE,APSRG,specificity,20,0.0010016627037673976,-0.00562971299226972,0.033384959554474604,7,0,13,88.0,0.5458755493164062,-0.012202380919184411,0.016470026903821825
r04_local_or_region,R04 - Selective 77/radius 1 with local-or-region acceptance,CHASEDB1,APSRG,f1_score,28,0.05467055006423802,0.05693625387055018,0.03449474808782672,25,0,3,6.0,1.043081283569336e-07,0.042047544160497545,0.06702715205835272
r04_local_or_region,R04 - Selective 77/radius 1 with local-or-region acceptance,DRIVE,APSRG,f1_score,20,0.00857861165642516,0.005320712498638969,0.024917400108366246,11,0,9,72.0,0.2305126190185547,-0.0017025005330100148,0.01959150521698776
r04_local_or_region,R04 - Selective 77/radius 1 with local-or-region acceptance,STARE,APSRG,f1_score,20,0.002182444653361859,-0.021692963545000332,0.07844376771042938,8,0,12,88.0,0.5458755493164062,-0.029267959468798534,0.03705003036160682
r04_local_or_region,R04 - Selective 77/radius 1 with local-or-region acceptance,CHASEDB1,APSRG,iou,28,0.05475960010676669,0.05520215216760377,0.034621361267103426,25,0,3,6.0,1.043081283569336e-07,0.0421276111261201,0.06733726874704346
r04_local_or_region,R04 - Selective 77/radius 1 with local-or-region acceptance,DRIVE,APSRG,iou,20,0.009223264256647809,0.006475441894030931,0.028882268294659234,11,0,9,74.0,0.26109886169433594,-0.0028829997469327568,0.02194067712817653
r04_local_or_region,R04 - Selective 77/radius 1 with local-or-region acceptance,STARE,APSRG,iou,20,-0.005154371228054279,-0.023394354744772056,0.07854282037038508,8,0,12,84.0,0.4523754119873047,-0.03753551388599426,0.029274689902078113
r04_local_or_region,R04 - Selective 77/radius 1 with local-or-region acceptance,CHASEDB1,APSRG,balanced_accuracy,28,-0.031717472491441384,-0.03725444597794725,0.021850963942782083,2,0,26,10.0,3.203749656677246e-07,-0.03973588818481459,-0.024162540472679562
r04_local_or_region,R04 - Selective 77/radius 1 with local-or-region acceptance,DRIVE,APSRG,balanced_accuracy,20,0.01890728286183015,0.019828284387338246,0.015290600994182717,18,0,2,11.0,0.0001049041748046875,0.012105480524247288,0.025374183494961153
r04_local_or_region,R04 - Selective 77/radius 1 with local-or-region acceptance,STARE,APSRG,balanced_accuracy,20,0.002733031972839889,0.0033747397944387525,0.014068625929919767,11,0,9,77.0,0.3117942810058594,-0.003336361289035318,0.00859717246650925
r04_local_or_region,R04 - Selective 77/radius 1 with local-or-region acceptance,CHASEDB1,APSRG,dice,28,0.05467055006423802,0.05693625387055018,0.03449474808782672,25,0,3,6.0,1.043081283569336e-07,0.041735653245521205,0.06706765482155126
r04_local_or_region,R04 - Selective 77/radius 1 with local-or-region acceptance,DRIVE,APSRG,dice,20,0.00857861165642516,0.005320712498638969,0.024917400108366246,11,0,9,72.0,0.2305126190185547,-0.0015256707922509485,0.019454685798334034
r04_local_or_region,R04 - Selective 77/radius 1 with local-or-region acceptance,STARE,APSRG,dice,20,0.002182444653361859,-0.021692963545000332,0.07844376771042938,8,0,12,88.0,0.5458755493164062,-0.028264166991162677,0.037061934670934535
r04_local_or_region,R04 - Selective 77/radius 1 with local-or-region acceptance,CHASEDB1,CA-APSRG,accuracy,28,0.02146752407169078,0.020296338004671455,0.005301973657978511,28,0,0,0.0,7.450580596923828e-09,0.019496606911971536,0.023351037979944284
r04_local_or_region,R04 - Selective 77/radius 1 with local-or-region acceptance,DRIVE,CA-APSRG,accuracy,20,-0.0011307134218153715,-0.0039147728226825995,0.009307856947847146,7,0,13,83.0,0.4304332733154297,-0.004877757551593618,0.0029659594462178923
r04_local_or_region,R04 - Selective 77/radius 1 with local-or-region acceptance,STARE,CA-APSRG,accuracy,20,0.00032231404958672495,-0.0068311688311687435,0.025496889064862104,7,0,13,87.0,0.5216732025146484,-0.00980556375442741,0.011405575560802812
r04_local_or_region,R04 - Selective 77/radius 1 with local-or-region acceptance,CHASEDB1,CA-APSRG,precision,28,0.13723358779519634,0.13577775767108458,0.033671666806669616,28,0,0,0.0,7.450580596923828e-09,0.12484461486428854,0.14919064232907378
r04_local_or_region,R04 - Selective 77/radius 1 with local-or-region acceptance,DRIVE,CA-APSRG,precision,20,-0.0327769875859575,-0.04896371793491311,0.05883843467042412,6,0,14,45.0,0.023950576782226562,-0.05667044518383883,-0.006552448059703303
r04_local_or_region,R04 - Selective 77/radius 1 with local-or-region acceptance,STARE,CA-APSRG,precision,20,-0.013894533578046778,-0.02730617333913335,0.10500957899365916,7,0,13,82.0,0.40909767150878906,-0.05795910476155341,0.032159180316959045
r04_local_or_region,R04 - Selective 77/radius 1 with local-or-region acceptance,CHASEDB1,CA-APSRG,recall,28,-0.0956836389316894,-0.10376539625168957,0.0451647785104819,1,0,27,1.0,1.4901161193847656e-08,-0.11170964070732672,-0.07879695506480583
r04_local_or_region,R04 - Selective 77/radius 1 with local-or-region acceptance,DRIVE,CA-APSRG,recall,20,0.04719969465045431,0.05582400744460442,0.04071641844963676,17,0,3,15.0,0.0002613067626953125,0.02998448153785314,0.06396002209986945
r04_local_or_region,R04 - Selective 77/radius 1 with local-or-region acceptance,STARE,CA-APSRG,recall,20,0.004992003525080118,0.006649689904149103,0.05101315465653603,11,0,9,83.0,0.4304332733154297,-0.01849849064817229,0.025581978176054208
r04_local_or_region,R04 - Selective 77/radius 1 with local-or-region acceptance,CHASEDB1,CA-APSRG,specificity,28,0.03014163550797461,0.030898206239955095,0.005540648027907139,28,0,0,0.0,7.450580596923828e-09,0.02808163672349431,0.03215194474787331
r04_local_or_region,R04 - Selective 77/radius 1 with local-or-region acceptance,DRIVE,CA-APSRG,specificity,20,-0.008351754293669484,-0.012060789149758278,0.014514340699416555,6,0,14,45.0,0.023950576782226562,-0.014255857597503464,-0.0019482053222146284
r04_local_or_region,R04 - Selective 77/radius 1 with local-or-region acceptance,STARE,CA-APSRG,specificity,20,-0.0008730800298085928,-0.006581407928017591,0.030302257049067735,6,0,14,85.0,0.47490501403808594,-0.013282175559752153,0.012671522271830373
r04_local_or_region,R04 - Selective 77/radius 1 with local-or-region acceptance,CHASEDB1,CA-APSRG,f1_score,28,0.04377432189060874,0.04694067507001748,0.03394657635427085,25,0,3,15.0,1.0207295417785645e-06,0.031177528541010118,0.05556496920192236
r04_local_or_region,R04 - Selective 77/radius 1 with local-or-region acceptance,DRIVE,CA-APSRG,f1_score,20,0.008316191501359482,0.0038267683878822067,0.02425095571425463,11,0,9,73.0,0.24548721313476562,-0.0020548645637172612,0.018819965048372786
r04_local_or_region,R04 - Selective 77/radius 1 with local-or-region acceptance,STARE,CA-APSRG,f1_score,20,-0.0019063776596219633,-0.022666552609131807,0.07218187147459251,8,0,12,83.0,0.4304332733154297,-0.030228446115989033,0.031069293896400726
r04_local_or_region,R04 - Selective 77/radius 1 with local-or-region acceptance,CHASEDB1,CA-APSRG,iou,28,0.04428119711398088,0.04578987206682961,0.03391235211156552,25,0,3,14.0,8.195638656616211e-07,0.032029160918429486,0.05643361521612587
r04_local_or_region,R04 - Selective 77/radius 1 with local-or-region acceptance,DRIVE,CA-APSRG,iou,20,0.008956889897000048,0.0045559764484852106,0.028132786391642794,11,0,9,74.0,0.26109886169433594,-0.0029750953204020322,0.0212200778677109
r04_local_or_region,R04 - Selective 77/radius 1 with local-or-region acceptance,STARE,CA-APSRG,iou,20,-0.008847094681912276,-0.02450822605365044,0.07369028924429505,8,0,12,81.0,0.38837623596191406,-0.0385734257228988,0.023275503966780794
r04_local_or_region,R04 - Selective 77/radius 1 with local-or-region acceptance,CHASEDB1,CA-APSRG,balanced_accuracy,28,-0.03277100171185736,-0.03830235672622745,0.021614855767843798,2,0,26,8.0,1.862645149230957e-07,-0.04030104656149437,-0.024690000413232667
r04_local_or_region,R04 - Selective 77/radius 1 with local-or-region acceptance,DRIVE,CA-APSRG,balanced_accuracy,20,0.019423970178392404,0.020499663710390192,0.015224295493171933,18,0,2,10.0,8.20159912109375e-05,0.01260806982459985,0.025978923949147328
r04_local_or_region,R04 - Selective 77/radius 1 with local-or-region acceptance,STARE,CA-APSRG,balanced_accuracy,20,0.002059461747635777,0.0032521523845285283,0.01461078346732178,11,0,9,83.0,0.4304332733154297,-0.004345473573443519,0.008016784798489999
r04_local_or_region,R04 - Selective 77/radius 1 with local-or-region acceptance,CHASEDB1,CA-APSRG,dice,28,0.04377432189060874,0.04694067507001748,0.03394657635427085,25,0,3,15.0,1.0207295417785645e-06,0.031178306128993954,0.05578564822208062
r04_local_or_region,R04 - Selective 77/radius 1 with local-or-region acceptance,DRIVE,CA-APSRG,dice,20,0.008316191501359482,0.0038267683878822067,0.02425095571425463,11,0,9,73.0,0.24548721313476562,-0.0014711778309851903,0.019023459552095553
r04_local_or_region,R04 - Selective 77/radius 1 with local-or-region acceptance,STARE,CA-APSRG,dice,20,-0.0019063776596219633,-0.022666552609131807,0.07218187147459251,8,0,12,83.0,0.4304332733154297,-0.030698752894072926,0.0292880460440029
r05_local_or_region_hybrid_priority,R05 - R04 with hybrid edge priority,CHASEDB1,APSRG,accuracy,28,0.025209249427999424,0.023824345178511674,0.0056646848430540915,28,0,0,0.0,7.450580596923828e-09,0.023192417678094802,0.02735016638662469
r05_local_or_region_hybrid_priority,R05 - R04 with hybrid edge priority,DRIVE,APSRG,accuracy,20,-0.0006953904441571012,-0.0026301888143207552,0.00972949246116872,7,0,13,89.0,0.5705966949462891,-0.004652730069514992,0.003706750344186035
r05_local_or_region_hybrid_priority,R05 - R04 with hybrid edge priority,STARE,APSRG,accuracy,20,0.0017566706021251376,-0.006047225501771003,0.028763906934643684,8,0,12,93.0,0.6742229461669922,-0.009922317001180665,0.014947089728453353
r05_local_or_region_hybrid_priority,R05 - R04 with hybrid edge priority,CHASEDB1,APSRG,precision,28,0.15357583840369055,0.1567401084720751,0.0367903140957941,28,0,0,0.0,7.450580596923828e-09,0.13955859294279097,0.16624491342700798
r05_local_or_region_hybrid_priority,R05 - R04 with hybrid edge priority,DRIVE,APSRG,precision,20,-0.03069197703709921,-0.044310460339233526,0.05971357583285105,6,0,14,48.0,0.03276824951171875,-0.056277418119385775,-0.004995634711517148
r05_local_or_region_hybrid_priority,R05 - R04 with hybrid edge priority,STARE,APSRG,precision,20,-0.010315557216865981,-0.023980762180610515,0.11210981675505628,7,0,13,85.0,0.47490501403808594,-0.05561821070360774,0.040140243876960975
r05_local_or_region_hybrid_priority,R05 - R04 with hybrid edge priority,CHASEDB1,APSRG,recall,28,-0.09790328375973836,-0.10710110571165671,0.04553306438394541,0,0,28,0.0,7.450580596923828e-09,-0.11437520074547369,-0.0812568056656634
r05_local_or_region_hybrid_priority,R05 - R04 with hybrid edge priority,DRIVE,APSRG,recall,20,0.04613339109805736,0.05605545878230217,0.04065687811216448,17,0,3,13.0,0.0001678466796875,0.028499509560330906,0.06311593032805708
r05_local_or_region_hybrid_priority,R05 - R04 with hybrid edge priority,STARE,APSRG,recall,20,0.004027450776342212,0.010877854696993428,0.051308518269961884,12,0,8,85.0,0.47490501403808594,-0.01867390354640147,0.025559357486908584
r05_local_or_region_hybrid_priority,R05 - R04 with hybrid edge priority,CHASEDB1,APSRG,specificity,28,0.03434410177158973,0.03402625844343993,0.006130136076568596,28,0,0,0.0,7.450580596923828e-09,0.03212290999188204,0.03652288119262268
r05_local_or_region_hybrid_priority,R05 - R04 with hybrid edge priority,DRIVE,APSRG,specificity,20,-0.007786602771101709,-0.012660609987586724,0.014852418465197538,6,0,14,49.0,0.03623390197753906,-0.013904214198407752,-0.0012830236675882155
r05_local_or_region_hybrid_priority,R05 - R04 with hybrid edge priority,STARE,APSRG,specificity,20,0.0007270156583035814,-0.004783324689087098,0.03375117855532805,7,0,13,88.0,0.5458755493164062,-0.012534239688276159,0.01604559812177261
r05_local_or_region_hybrid_priority,R05 - R04 with hybrid edge priority,CHASEDB1,APSRG,f1_score,28,0.05463927418002671,0.056643044663765574,0.03446267283082808,25,0,3,6.0,1.043081283569336e-07,0.042186076813842587,0.06684544420846854
r05_local_or_region_hybrid_priority,R05 - R04 with hybrid edge priority,DRIVE,APSRG,f1_score,20,0.00914414562551163,0.006044973724154523,0.02533558331318601,12,0,8,69.0,0.1893482208251953,-0.0014678542079273325,0.020077951644498486
r05_local_or_region_hybrid_priority,R05 - R04 with hybrid edge priority,STARE,APSRG,f1_score,20,0.0011588652344686867,-0.02160155481964482,0.07932463784427436,8,0,12,86.0,0.49800872802734375,-0.03026389173509476,0.0371067118737464
r05_local_or_region_hybrid_priority,R05 - R04 with hybrid edge priority,CHASEDB1,APSRG,iou,28,0.05472626969872579,0.054915943096101816,0.03458978050532273,25,0,3,6.0,1.043081283569336e-07,0.042220938685599764,0.0667632172454442
r05_local_or_region_hybrid_priority,R05 - R04 with hybrid edge priority,DRIVE,APSRG,iou,20,0.009890543294866569,0.00737238697714121,0.02947629643994246,12,0,8,69.0,0.1893482208251953,-0.002445585737532416,0.02295686925163554
r05_local_or_region_hybrid_priority,R05 - R04 with hybrid edge priority,STARE,APSRG,iou,20,-0.006287103164854761,-0.024379696996883193,0.07969629045496956,8,0,12,83.0,0.4304332733154297,-0.03912581831596106,0.02883685705968088
r05_local_or_region_hybrid_priority,R05 - R04 with hybrid edge priority,CHASEDB1,APSRG,balanced_accuracy,28,-0.03177959099407431,-0.03722947244292629,0.02185682587312666,2,0,26,10.0,3.203749656677246e-07,-0.03972963170433379,-0.023837145962899212
r05_local_or_region_hybrid_priority,R05 - R04 with hybrid edge priority,DRIVE,APSRG,balanced_accuracy,20,0.019173394163477808,0.020536915938561995,0.015238549029972613,17,0,3,8.0,4.76837158203125e-05,0.012751477344060827,0.025459226951324018
r05_local_or_region_hybrid_priority,R05 - R04 with hybrid edge priority,STARE,APSRG,balanced_accuracy,20,0.0023772332173229325,0.00281822023470113,0.013619748175543437,12,0,8,78.0,0.3299827575683594,-0.0036201545989970525,0.008056226581824094
r05_local_or_region_hybrid_priority,R05 - R04 with hybrid edge priority,CHASEDB1,APSRG,dice,28,0.05463927418002671,0.056643044663765574,0.03446267283082808,25,0,3,6.0,1.043081283569336e-07,0.04224978420977131,0.06709034605872298
r05_local_or_region_hybrid_priority,R05 - R04 with hybrid edge priority,DRIVE,APSRG,dice,20,0.00914414562551163,0.006044973724154523,0.02533558331318601,12,0,8,69.0,0.1893482208251953,-0.0015852853323839121,0.019914491511266872
r05_local_or_region_hybrid_priority,R05 - R04 with hybrid edge priority,STARE,APSRG,dice,20,0.0011588652344686867,-0.02160155481964482,0.07932463784427436,8,0,12,86.0,0.49800872802734375,-0.031021932898189525,0.036212710431558104
r05_local_or_region_hybrid_priority,R05 - R04 with hybrid edge priority,CHASEDB1,CA-APSRG,accuracy,28,0.021472327982744677,0.020293209876543206,0.005298395307695585,28,0,0,0.0,7.450580596923828e-09,0.019591857482482506,0.023432916733697982
r05_local_or_region_hybrid_priority,R05 - R04 with hybrid edge priority,DRIVE,CA-APSRG,accuracy,20,-0.000987909561599365,-0.0028149480756641254,0.00936111215350912,7,0,13,86.0,0.49800872802734375,-0.004766426182063944,0.0030963191259592345
r05_local_or_region_hybrid_priority,R05 - R04 with hybrid edge priority,STARE,CA-APSRG,accuracy,20,2.5619834710693956e-05,-0.006415584415584374,0.025841645129717417,7,0,13,88.0,0.5458755493164062,-0.010270546044864323,0.011774542502951532
r05_local_or_region_hybrid_priority,R05 - R04 with hybrid edge priority,CHASEDB1,CA-APSRG,precision,28,0.1372842006864467,0.13615665209731814,0.033592465217541195,28,0,0,0.0,7.450580596923828e-09,0.12505188558290403,0.1488695981065631
r05_local_or_region_hybrid_priority,R05 - R04 with hybrid edge priority,DRIVE,CA-APSRG,precision,20,-0.03267650647765936,-0.04474377871825397,0.057968067522217295,6,0,14,45.0,0.023950576782226562,-0.05739377591533304,-0.006986053484676138
r05_local_or_region_hybrid_priority,R05 - R04 with hybrid edge priority,STARE,CA-APSRG,precision,20,-0.014865652444618599,-0.025600831575286753,0.10629261048104435,7,0,13,82.0,0.40909767150878906,-0.05874285278919228,0.029829665353744553
r05_local_or_region_hybrid_priority,R05 - R04 with hybrid edge priority,CHASEDB1,CA-APSRG,recall,28,-0.09582304398012813,-0.1037883388896737,0.04518662672266659,1,0,27,1.0,1.4901161193847656e-08,-0.1121755138756988,-0.07915498704673933
r05_local_or_region_hybrid_priority,R05 - R04 with hybrid edge priority,DRIVE,CA-APSRG,recall,20,0.04771904796869442,0.0569431066067288,0.04014393383307297,17,0,3,12.0,0.000133514404296875,0.029932429305324283,0.0638624015101665
r05_local_or_region_hybrid_priority,R05 - R04 with hybrid edge priority,STARE,CA-APSRG,recall,20,0.004555053059509972,0.010993825538610336,0.05076533853683957,12,0,8,84.0,0.4523754119873047,-0.01828192432035616,0.025712206173153684
r05_local_or_region_hybrid_priority,R05 - R04 with hybrid edge priority,CHASEDB1,CA-APSRG,specificity,28,0.030156803551147516,0.030904886589076697,0.00553863172905262,28,0,0,0.0,7.450580596923828e-09,0.028170832561699926,0.032093053734003424
r05_local_or_region_hybrid_priority,R05 - R04 with hybrid edge priority,DRIVE,CA-APSRG,specificity,20,-0.0083388850086143,-0.01272379424213399,0.014334353791010498,6,0,14,43.0,0.01923370361328125,-0.013990598451347508,-0.0016719486826046787
r05_local_or_region_hybrid_priority,R05 - R04 with hybrid edge priority,STARE,CA-APSRG,specificity,20,-0.0011477270752723978,-0.005735019624834914,0.030684555799251393,6,0,14,85.0,0.47490501403808594,-0.014017083859097534,0.012509322317086242
r05_local_or_region_hybrid_priority,R05 - R04 with hybrid edge priority,CHASEDB1,CA-APSRG,f1_score,28,0.04374304766322961,0.04664746586323287,0.033920596422691386,25,0,3,15.0,1.0207295417785645e-06,0.03113057255399565,0.05587294070119321
r05_local_or_region_hybrid_priority,R05 - R04 with hybrid edge priority,DRIVE,CA-APSRG,f1_score,20,0.008881750349415985,0.005397473197156,0.024672858370030786,12,0,8,70.0,0.20244979858398438,-0.0010353354949020216,0.019731701749991646
r05_local_or_region_hybrid_priority,R05 - R04 with hybrid edge priority,STARE,CA-APSRG,f1_score,20,-0.002929872488019095,-0.02292320824965305,0.07311439107125635,8,0,12,83.0,0.4304332733154297,-0.03320845172731186,0.03091542765600812
r05_local_or_region_hybrid_priority,R05 - R04 with hybrid edge priority,CHASEDB1,CA-APSRG,iou,28,0.044247870665039234,0.045503662995327654,0.03388497377499394,25,0,3,14.0,8.195638656616211e-07,0.03183314380620075,0.0561361690469443
r05_local_or_region_hybrid_priority,R05 - R04 with hybrid edge priority,DRIVE,CA-APSRG,iou,20,0.009624195802584445,0.0064618007052471005,0.02872657565879954,12,0,8,70.0,0.20244979858398438,-0.002464226314435615,0.021920283090908432
r05_local_or_region_hybrid_priority,R05 - R04 with hybrid edge priority,STARE,CA-APSRG,iou,20,-0.009979691303860885,-0.025610002490181888,0.0748938702509929,8,0,12,80.0,0.36827659606933594,-0.04096257885162011,0.023070221749552495
r05_local_or_region_hybrid_priority,R05 - R04 with hybrid edge priority,CHASEDB1,CA-APSRG,balanced_accuracy,28,-0.03283312021449029,-0.03827738319120644,0.021620439154057876,2,0,26,8.0,1.862645149230957e-07,-0.04045369804128351,-0.02496985208193385
r05_local_or_region_hybrid_priority,R05 - R04 with hybrid edge priority,DRIVE,CA-APSRG,balanced_accuracy,20,0.01969008148004006,0.021281093417786,0.015159355511647068,17,0,3,7.0,3.62396240234375e-05,0.01294578567120086,0.026081479852095756
r05_local_or_region_hybrid_priority,R05 - R04 with hybrid edge priority,STARE,CA-APSRG,balanced_accuracy,20,0.0017036629921188206,0.00269563282479085,0.014207133427459318,12,0,8,84.0,0.4523754119873047,-0.004397288452415355,0.007691514292137906
r05_local_or_region_hybrid_priority,R05 - R04 with hybrid edge priority,CHASEDB1,CA-APSRG,dice,28,0.04374304766322961,0.04664746586323287,0.033920596422691386,25,0,3,15.0,1.0207295417785645e-06,0.031298875013518176,0.055964617178146284
r05_local_or_region_hybrid_priority,R05 - R04 with hybrid edge priority,DRIVE,CA-APSRG,dice,20,0.008881750349415985,0.005397473197156,0.024672858370030786,12,0,8,70.0,0.20244979858398438,-0.0013770623386454327,0.019727219989980404
r05_local_or_region_hybrid_priority,R05 - R04 with hybrid edge priority,STARE,CA-APSRG,dice,20,-0.002929872488019095,-0.02292320824965305,0.07311439107125635,8,0,12,83.0,0.4304332733154297,-0.03341360317548938,0.029601966242590844
r06_local_or_region_process_override,R06 - R04 with process-context refinement override,CHASEDB1,APSRG,accuracy,28,0.025204445516945513,0.023827473306639813,0.005672370084748158,28,0,0,0.0,7.450580596923828e-09,0.02320888224534066,0.027361037562860475
r06_local_or_region_process_override,R06 - R04 with process-context refinement override,DRIVE,APSRG,accuracy,20,-0.0008381943043731077,-0.003884071149100332,0.009683378497052406,7,0,13,87.0,0.5216732025146484,-0.004739661098402064,0.003395596814058754
r06_local_or_region_process_override,R06 - R04 with process-context refinement override,STARE,APSRG,accuracy,20,0.0020533648170011688,-0.006462809917355317,0.028437376967100043,8,0,12,93.0,0.6742229461669922,-0.009465661157024775,0.01487758559622194
r06_local_or_region_process_override,R06 - R04 with process-context refinement override,CHASEDB1,APSRG,precision,28,0.15352523332903822,0.1565077247367378,0.03687718345912732,28,0,0,0.0,7.450580596923828e-09,0.1397646770475592,0.16655373992628203
r06_local_or_region_process_override,R06 - R04 with process-context refinement override,DRIVE,APSRG,precision,20,-0.030792370490259995,-0.04853039955589267,0.06062043238983237,6,0,14,50.0,0.039989471435546875,-0.055555694441415525,-0.004471691392958746
r06_local_or_region_process_override,R06 - R04 with process-context refinement override,STARE,APSRG,precision,20,-0.009344183859329148,-0.025685216219076185,0.11086391420807185,7,0,13,84.0,0.4523754119873047,-0.055308644450596085,0.0398797748305652
r06_local_or_region_process_override,R06 - R04 with process-context refinement override,CHASEDB1,APSRG,recall,28,-0.09776387871129957,-0.10707816307367257,0.04551118733798732,1,0,27,1.0,1.4901161193847656e-08,-0.11449647963534579,-0.08054616484827888
r06_local_or_region_process_override,R06 - R04 with process-context refinement override,DRIVE,APSRG,recall,20,0.04561403777981725,0.05416684346449335,0.04121767420310103,17,0,3,15.0,0.0002613067626953125,0.027282656257841667,0.06247062035286643
r06_local_or_region_process_override,R06 - R04 with process-context refinement override,STARE,APSRG,recall,20,0.004464401241912358,0.006533719062532195,0.0515528358292557,11,0,9,83.0,0.4304332733154297,-0.018511590325532915,0.02535015646813852
r06_local_or_region_process_override,R06 - R04 with process-context refinement override,CHASEDB1,APSRG,specificity,28,0.034328933728416826,0.03407591229100837,0.0061372458148370515,28,0,0,0.0,7.450580596923828e-09,0.03210982639317559,0.03658014994436969
r06_local_or_region_process_override,R06 - R04 with process-context refinement override,DRIVE,APSRG,specificity,20,-0.007799472056156881,-0.011997604895211011,0.015038818745500188,6,0,14,49.0,0.03623390197753906,-0.013734164368712337,-0.0010958825633979297
r06_local_or_region_process_override,R06 - R04 with process-context refinement override,STARE,APSRG,specificity,20,0.0010016627037673976,-0.00562971299226972,0.033384959554474604,7,0,13,88.0,0.5458755493164062,-0.01225076304807933,0.016066819937571836
r06_local_or_region_process_override,R06 - R04 with process-context refinement override,CHASEDB1,APSRG,f1_score,28,0.05467055006423802,0.05693625387055018,0.03449474808782672,25,0,3,6.0,1.043081283569336e-07,0.04201684543582023,0.0666721527401718
r06_local_or_region_process_override,R06 - R04 with process-context refinement override,DRIVE,APSRG,f1_score,20,0.00857861165642516,0.005320712498638969,0.024917400108366246,11,0,9,72.0,0.2305126190185547,-0.0018206638184427477,0.019636153271670325
r06_local_or_region_process_override,R06 - R04 with process-context refinement override,STARE,APSRG,f1_score,20,0.002182444653361859,-0.021692963545000332,0.07844376771042938,8,0,12,88.0,0.5458755493164062,-0.029754984018986172,0.03716781701862177
r06_local_or_region_process_override,R06 - R04 with process-context refinement override,CHASEDB1,APSRG,iou,28,0.05475960010676669,0.05520215216760377,0.034621361267103426,25,0,3,6.0,1.043081283569336e-07,0.041907340619158094,0.06734293687669357
r06_local_or_region_process_override,R06 - R04 with process-context refinement override,DRIVE,APSRG,iou,20,0.009223264256647809,0.006475441894030931,0.028882268294659234,11,0,9,74.0,0.26109886169433594,-0.002655144592644306,0.021784355810342403
r06_local_or_region_process_override,R06 - R04 with process-context refinement override,STARE,APSRG,iou,20,-0.005154371228054279,-0.023394354744772056,0.07854282037038508,8,0,12,84.0,0.4523754119873047,-0.0376831734392098,0.02912746671325122
r06_local_or_region_process_override,R06 - R04 with process-context refinement override,CHASEDB1,APSRG,balanced_accuracy,28,-0.031717472491441384,-0.03725444597794725,0.021850963942782083,2,0,26,10.0,3.203749656677246e-07,-0.03982708209743728,-0.023673481549965483
r06_local_or_region_process_override,R06 - R04 with process-context refinement override,DRIVE,APSRG,balanced_accuracy,20,0.01890728286183015,0.019828284387338246,0.015290600994182717,18,0,2,11.0,0.0001049041748046875,0.012217530186638587,0.025249770943519798
r06_local_or_region_process_override,R06 - R04 with process-context refinement override,STARE,APSRG,balanced_accuracy,20,0.002733031972839889,0.0033747397944387525,0.014068625929919767,11,0,9,77.0,0.3117942810058594,-0.0033146201929744033,0.00870267375011305
r06_local_or_region_process_override,R06 - R04 with process-context refinement override,CHASEDB1,APSRG,dice,28,0.05467055006423802,0.05693625387055018,0.03449474808782672,25,0,3,6.0,1.043081283569336e-07,0.04155263004646242,0.06714889168562002
r06_local_or_region_process_override,R06 - R04 with process-context refinement override,DRIVE,APSRG,dice,20,0.00857861165642516,0.005320712498638969,0.024917400108366246,11,0,9,72.0,0.2305126190185547,-0.001435008904670046,0.01920682607585285
r06_local_or_region_process_override,R06 - R04 with process-context refinement override,STARE,APSRG,dice,20,0.002182444653361859,-0.021692963545000332,0.07844376771042938,8,0,12,88.0,0.5458755493164062,-0.028480231222363202,0.03873637798262334
r06_local_or_region_process_override,R06 - R04 with process-context refinement override,CHASEDB1,CA-APSRG,accuracy,28,0.02146752407169078,0.020296338004671455,0.005301973657978511,28,0,0,0.0,7.450580596923828e-09,0.019565794403034038,0.02352311854264983
r06_local_or_region_process_override,R06 - R04 with process-context refinement override,DRIVE,CA-APSRG,accuracy,20,-0.0011307134218153715,-0.0039147728226825995,0.009307856947847146,7,0,13,83.0,0.4304332733154297,-0.004842171280536906,0.0029880530063169613
r06_local_or_region_process_override,R06 - R04 with process-context refinement override,STARE,CA-APSRG,accuracy,20,0.00032231404958672495,-0.0068311688311687435,0.025496889064862104,7,0,13,87.0,0.5216732025146484,-0.009847641676505337,0.011767505903187685
r06_local_or_region_process_override,R06 - R04 with process-context refinement override,CHASEDB1,CA-APSRG,precision,28,0.13723358779519634,0.13577775767108458,0.033671666806669616,28,0,0,0.0,7.450580596923828e-09,0.1247976351174085,0.14913777558111577
r06_local_or_region_process_override,R06 - R04 with process-context refinement override,DRIVE,CA-APSRG,precision,20,-0.0327769875859575,-0.04896371793491311,0.05883843467042412,6,0,14,45.0,0.023950576782226562,-0.05745038623539465,-0.006752904518156167
r06_local_or_region_process_override,R06 - R04 with process-context refinement override,STARE,CA-APSRG,precision,20,-0.013894533578046778,-0.02730617333913335,0.10500957899365916,7,0,13,82.0,0.40909767150878906,-0.05695152181359025,0.03098350598397727
r06_local_or_region_process_override,R06 - R04 with process-context refinement override,CHASEDB1,CA-APSRG,recall,28,-0.0956836389316894,-0.10376539625168957,0.0451647785104819,1,0,27,1.0,1.4901161193847656e-08,-0.11192137915573902,-0.07898131237765567
r06_local_or_region_process_override,R06 - R04 with process-context refinement override,DRIVE,CA-APSRG,recall,20,0.04719969465045431,0.05582400744460442,0.04071641844963676,17,0,3,15.0,0.0002613067626953125,0.02911227292973929,0.06390275663003521
r06_local_or_region_process_override,R06 - R04 with process-context refinement override,STARE,CA-APSRG,recall,20,0.004992003525080118,0.006649689904149103,0.05101315465653603,11,0,9,83.0,0.4304332733154297,-0.017736576446065248,0.025764132512924077
r06_local_or_region_process_override,R06 - R04 with process-context refinement override,CHASEDB1,CA-APSRG,specificity,28,0.03014163550797461,0.030898206239955095,0.005540648027907139,28,0,0,0.0,7.450580596923828e-09,0.028066869488035696,0.03213857386893416
r06_local_or_region_process_override,R06 - R04 with process-context refinement override,DRIVE,CA-APSRG,specificity,20,-0.008351754293669484,-0.012060789149758278,0.014514340699416555,6,0,14,45.0,0.023950576782226562,-0.014442531263348773,-0.0019705999713488923
r06_local_or_region_process_override,R06 - R04 with process-context refinement override,STARE,CA-APSRG,specificity,20,-0.0008730800298085928,-0.006581407928017591,0.030302257049067735,6,0,14,85.0,0.47490501403808594,-0.013257166240657071,0.012384164104482613
r06_local_or_region_process_override,R06 - R04 with process-context refinement override,CHASEDB1,CA-APSRG,f1_score,28,0.04377432189060874,0.04694067507001748,0.03394657635427085,25,0,3,15.0,1.0207295417785645e-06,0.03147439472164284,0.05594882317190817
r06_local_or_region_process_override,R06 - R04 with process-context refinement override,DRIVE,CA-APSRG,f1_score,20,0.008316191501359482,0.0038267683878822067,0.02425095571425463,11,0,9,73.0,0.24548721313476562,-0.0018405506503117559,0.019141774676394777
r06_local_or_region_process_override,R06 - R04 with process-context refinement override,STARE,CA-APSRG,f1_score,20,-0.0019063776596219633,-0.022666552609131807,0.07218187147459251,8,0,12,83.0,0.4304332733154297,-0.031460955146138156,0.030680398555570507
r06_local_or_region_process_override,R06 - R04 with process-context refinement override,CHASEDB1,CA-APSRG,iou,28,0.04428119711398088,0.04578987206682961,0.03391235211156552,25,0,3,14.0,8.195638656616211e-07,0.0318609138967986,0.056480093338307634
r06_local_or_region_process_override,R06 - R04 with process-context refinement override,DRIVE,CA-APSRG,iou,20,0.008956889897000048,0.0045559764484852106,0.028132786391642794,11,0,9,74.0,0.26109886169433594,-0.002462585739315041,0.021143711024710035
r06_local_or_region_process_override,R06 - R04 with process-context refinement override,STARE,CA-APSRG,iou,20,-0.008847094681912276,-0.02450822605365044,0.07369028924429505,8,0,12,81.0,0.38837623596191406,-0.03944592235206009,0.02397102484324022
r06_local_or_region_process_override,R06 - R04 with process-context refinement override,CHASEDB1,CA-APSRG,balanced_accuracy,28,-0.03277100171185736,-0.03830235672622745,0.021614855767843798,2,0,26,8.0,1.862645149230957e-07,-0.04020247626894399,-0.02479938749700666
r06_local_or_region_process_override,R06 - R04 with process-context refinement override,DRIVE,CA-APSRG,balanced_accuracy,20,0.019423970178392404,0.020499663710390192,0.015224295493171933,18,0,2,10.0,8.20159912109375e-05,0.01268035072417824,0.025856080639913327
r06_local_or_region_process_override,R06 - R04 with process-context refinement override,STARE,CA-APSRG,balanced_accuracy,20,0.002059461747635777,0.0032521523845285283,0.01461078346732178,11,0,9,83.0,0.4304332733154297,-0.004130930645994221,0.008433751605858844
r06_local_or_region_process_override,R06 - R04 with process-context refinement override,CHASEDB1,CA-APSRG,dice,28,0.04377432189060874,0.04694067507001748,0.03394657635427085,25,0,3,15.0,1.0207295417785645e-06,0.031346369195643195,0.0559242590999768
r06_local_or_region_process_override,R06 - R04 with process-context refinement override,DRIVE,CA-APSRG,dice,20,0.008316191501359482,0.0038267683878822067,0.02425095571425463,11,0,9,73.0,0.24548721313476562,-0.0015970657154860933,0.01887258450269733
r06_local_or_region_process_override,R06 - R04 with process-context refinement override,STARE,CA-APSRG,dice,20,-0.0019063776596219633,-0.022666552609131807,0.07218187147459251,8,0,12,83.0,0.4304332733154297,-0.03068924245280461,0.029908404815366586
