dataset,image_id,image_path,mask_path,fov_path,comparison_path,baseline_accuracy,ca_apsrg_accuracy,delta_accuracy,baseline_precision,ca_apsrg_precision,delta_precision,baseline_recall,ca_apsrg_recall,delta_recall,baseline_specificity,ca_apsrg_specificity,delta_specificity,baseline_f1_score,ca_apsrg_f1_score,delta_f1_score,baseline_iou,ca_apsrg_iou,delta_iou,baseline_false_positive_rate,ca_apsrg_false_positive_rate,delta_false_positive_rate,baseline_false_negative_rate,ca_apsrg_false_negative_rate,delta_false_negative_rate,baseline_balanced_accuracy,ca_apsrg_balanced_accuracy,delta_balanced_accuracy,baseline_dice,ca_apsrg_dice,delta_dice,ca_apsrg_applied,context_vessel_density,context_vessel_pixel_count,context_valid_area_pixel_count,context_component_count,context_mean_component_area,context_median_component_area,context_std_component_area,context_min_component_area,context_max_component_area,context_small_component_count,context_small_component_ratio,context_small_component_area_total,context_small_component_area_ratio,context_largest_component_area,context_largest_component_area_ratio,context_skeleton_pixel_count,context_skeleton_to_vessel_ratio,context_endpoint_count,context_branchpoint_count,context_endpoint_density,context_branchpoint_density,context_density_level,context_noise_level,context_recommended_refinement_level,selected_refinement_level,selected_density_level,selected_noise_level,selected_min_component_area,selected_hole_area,selected_closing_kernel_size,selected_opening_kernel_size,selected_use_opening,selected_use_closing,selected_use_skeleton_guard
CHASEDB1,Image_01L,E:\ca_apsrg_retinal_project\data\working_png\CHASEDB1\CHASEDB1\Image_01L.png,E:\ca_apsrg_retinal_project\data\working_png\CHASEDB1\CHASEDB1\Image_01L_1stHO.png,,E:\ca_apsrg_retinal_project\outputs\method_ablation\experiments_a04_selective_hybrid_bfs\CHASEDB1\comparison\Image_01L_comparison.png,0.9400932182182182,0.9400932182182182,0.0,0.6996613039796782,0.6996613039796782,0.0,0.2470808103461164,0.2470808103461164,0.0,0.9920484669143814,0.9920484669143814,0.0,0.3651952930777305,0.3651952930777305,0.0,0.2233877181362278,0.2233877181362278,0.0,0.0079515330856185,0.0079515330856185,0.0,0.7529191896538835,0.7529191896538835,0.0,0.6195646386302489,0.6195646386302489,0.0,0.3651952930777305,0.3651952930777305,0.0,True,0.0246287954621287,23620,959040,15,1574.6666666666667,364.0,2456.876029070702,17,7594,0,0.0,0,0.0,7594,0.3215071972904318,5530,0.2341236240474174,277,1184,0.0500904159132007,0.2141048824593128,low,low,conservative,conservative,low,low,8,4,0,0,False,False,True
CHASEDB1,Image_01R,E:\ca_apsrg_retinal_project\data\working_png\CHASEDB1\CHASEDB1\Image_01R.png,E:\ca_apsrg_retinal_project\data\working_png\CHASEDB1\CHASEDB1\Image_01R_1stHO.png,,E:\ca_apsrg_retinal_project\outputs\method_ablation\experiments_a04_selective_hybrid_bfs\CHASEDB1\comparison\Image_01R_comparison.png,0.927195945945946,0.927195945945946,0.0,0.5774524910118131,0.5774524910118131,0.0,0.1543562426206101,0.1543562426206101,0.0,0.9907165634922964,0.9907165634922964,0.0,0.2435975213415955,0.2435975213415955,0.0,0.1386911737494603,0.1386911737494603,0.0,0.0092834365077036,0.0092834365077036,0.0,0.8456437573793899,0.8456437573793899,0.0,0.5725364030564533,0.5725364030564533,0.0,0.2435975213415955,0.2435975213415955,0.0,True,0.0203015515515515,19470,959040,14,1390.7142857142858,547.5,1837.3189873357564,33,6817,0,0.0,0,0.0,6817,0.3501284026707755,5480,0.2814586543400103,354,1382,0.0645985401459854,0.2521897810218978,low,low,conservative,conservative,low,low,8,4,0,0,False,False,True
CHASEDB1,Image_02L,E:\ca_apsrg_retinal_project\data\working_png\CHASEDB1\CHASEDB1\Image_02L.png,E:\ca_apsrg_retinal_project\data\working_png\CHASEDB1\CHASEDB1\Image_02L_1stHO.png,,E:\ca_apsrg_retinal_project\outputs\method_ablation\experiments_a04_selective_hybrid_bfs\CHASEDB1\comparison\Image_02L_comparison.png,0.9245964714714716,0.9246131548214882,1.6683350016588605e-05,0.5908265962712423,0.5911386972168113,0.0003121009455689938,0.2300822410691338,0.2300822410691338,0.0,0.985928598987767,0.9859467556342344,1.815664646742654e-05,0.3311907514450867,0.33123976727192,4.901582683330963e-05,0.1984593216581689,0.1984945235244556,3.520186628669375e-05,0.014071401012233,0.0140532443657656,-1.815664646740052e-05,0.7699177589308661,0.7699177589308661,0.0,0.6080054200284504,0.6080144983516842,9.078323233824293e-06,0.3311907514450867,0.33123976727192,4.901582683330963e-05,True,0.0315993076409743,30305,959040,23,1317.608695652174,407.0,2370.9805115207805,16,10698,0,0.0,0,0.0,10698,0.3530110542814717,7572,0.2498597591156574,469,1649,0.0619387216059165,0.2177760169043845,normal,low,normal,normal,normal,low,18,8,0,0,False,False,True
CHASEDB1,Image_02R,E:\ca_apsrg_retinal_project\data\working_png\CHASEDB1\CHASEDB1\Image_02R.png,E:\ca_apsrg_retinal_project\data\working_png\CHASEDB1\CHASEDB1\Image_02R_1stHO.png,,E:\ca_apsrg_retinal_project\outputs\method_ablation\experiments_a04_selective_hybrid_bfs\CHASEDB1\comparison\Image_02R_comparison.png,0.9281177010343676,0.9281177010343676,0.0,0.6239586804398534,0.6239586804398534,0.0,0.200026705835225,0.200026705835225,0.0,0.9897890629418084,0.9897890629418084,0.0,0.3029383809581589,0.3029383809581589,0.0,0.1785075907433446,0.1785075907433446,0.0,0.0102109370581914,0.0102109370581914,0.0,0.799973294164775,0.799973294164775,0.0,0.5949078843885167,0.5949078843885167,0.0,0.3029383809581589,0.3029383809581589,0.0,True,0.0250333667000333,24008,959040,28,857.4285714285714,391.5,892.1057123686724,19,2852,0,0.0,0,0.0,2852,0.1187937354215261,6786,0.2826557814061979,462,1578,0.0680813439434129,0.2325375773651635,normal,low,normal,normal,normal,low,18,8,0,0,False,False,True
CHASEDB1,Image_03L,E:\ca_apsrg_retinal_project\data\working_png\CHASEDB1\CHASEDB1\Image_03L.png,E:\ca_apsrg_retinal_project\data\working_png\CHASEDB1\CHASEDB1\Image_03L_1stHO.png,,E:\ca_apsrg_retinal_project\outputs\method_ablation\experiments_a04_selective_hybrid_bfs\CHASEDB1\comparison\Image_03L_comparison.png,0.939332040373707,0.9393476810143476,1.5640640640635084e-05,0.7908105705787837,0.7912163086605555,0.0004057380817718004,0.3076227458907388,0.3076227458907388,0.0,0.9930768325632126,0.9930938038839432,1.6971320730641004e-05,0.4429423535381581,0.4430059751800214,6.362164186329844e-05,0.2844739592941032,0.2845264452644526,5.2485970349402944e-05,0.0069231674367874,0.0069061961160566,-1.697132073079973e-05,0.6923772541092611,0.6923772541092611,0.0,0.6503497892269757,0.6503582748873411,8.485660365376013e-06,0.4429423535381581,0.4430059751800214,6.362164186329844e-05,True,0.0305002919586252,29251,959040,30,975.0333333333332,439.5,1244.8056470344632,15,4631,0,0.0,0,0.0,4631,0.1583193736966257,6943,0.2373594065160165,388,1440,0.0558836237937491,0.2074031398530894,normal,low,normal,normal,normal,low,18,8,0,0,False,False,True
CHASEDB1,Image_03R,E:\ca_apsrg_retinal_project\data\working_png\CHASEDB1\CHASEDB1\Image_03R.png,E:\ca_apsrg_retinal_project\data\working_png\CHASEDB1\CHASEDB1\Image_03R_1stHO.png,,E:\ca_apsrg_retinal_project\outputs\method_ablation\experiments_a04_selective_hybrid_bfs\CHASEDB1\comparison\Image_03R_comparison.png,0.9361392642642644,0.9361392642642644,0.0,0.7187597870341371,0.7187597870341371,0.0,0.2535176261029259,0.2535176261029259,0.0,0.9918973087650952,0.9918973087650952,0.0,0.3748277446026642,0.3748277446026642,0.0,0.2306387789711701,0.2306387789711701,0.0,0.0081026912349047,0.0081026912349047,0.0,0.7464823738970741,0.7464823738970741,0.0,0.6227074674340106,0.6227074674340106,0.0,0.3748277446026642,0.3748277446026642,0.0,True,0.0266349683016349,25544,959040,21,1216.3809523809523,406.0,1496.377959518392,35,5289,0,0.0,0,0.0,5289,0.2070544942060758,5664,0.2217350454118384,319,1205,0.0563206214689265,0.2127471751412429,normal,low,normal,normal,normal,low,18,8,0,0,False,False,True
CHASEDB1,Image_04L,E:\ca_apsrg_retinal_project\data\working_png\CHASEDB1\CHASEDB1\Image_04L.png,E:\ca_apsrg_retinal_project\data\working_png\CHASEDB1\CHASEDB1\Image_04L_1stHO.png,,E:\ca_apsrg_retinal_project\outputs\method_ablation\experiments_a04_selective_hybrid_bfs\CHASEDB1\comparison\Image_04L_comparison.png,0.929639014014014,0.929639014014014,0.0,0.6869256576068459,0.6869256576068459,0.0,0.1879523201362281,0.1879523201362281,0.0,0.9927150085080192,0.9927150085080192,0.0,0.2951480649710137,0.2951480649710137,0.0,0.1731224037153675,0.1731224037153675,0.0,0.0072849914919807,0.0072849914919807,0.0,0.8120476798637718,0.8120476798637718,0.0,0.5903336643221238,0.5903336643221238,0.0,0.2951480649710137,0.2951480649710137,0.0,True,0.0214454037370704,20567,959040,13,1582.076923076923,132.0,2380.5588051657264,26,8708,0,0.0,0,0.0,8708,0.4233967034569942,5034,0.2447610249428696,276,1104,0.0548271752085816,0.2193087008343265,low,low,conservative,conservative,low,low,8,4,0,0,False,False,True
CHASEDB1,Image_04R,E:\ca_apsrg_retinal_project\data\working_png\CHASEDB1\CHASEDB1\Image_04R.png,E:\ca_apsrg_retinal_project\data\working_png\CHASEDB1\CHASEDB1\Image_04R_1stHO.png,,E:\ca_apsrg_retinal_project\outputs\method_ablation\experiments_a04_selective_hybrid_bfs\CHASEDB1\comparison\Image_04R_comparison.png,0.9339579162495828,0.9339579162495828,0.0,0.7341370841705738,0.7341370841705738,0.0,0.2227053532726484,0.2227053532726484,0.0,0.993273957994433,0.993273957994433,0.0,0.3417412361383926,0.3417412361383926,0.0,0.2060843841660608,0.2060843841660608,0.0,0.006726042005567,0.006726042005567,0.0,0.7772946467273515,0.7772946467273515,0.0,0.6079896556335407,0.6079896556335407,0.0,0.3417412361383926,0.3417412361383926,0.0,True,0.0233514764764764,22395,959040,29,772.2413793103449,325.0,964.7162046576868,12,3665,0,0.0,0,0.0,3665,0.1636526010270149,5076,0.2266577361018084,315,1117,0.0620567375886524,0.2200551615445232,low,low,conservative,conservative,low,low,8,4,0,0,False,False,True
CHASEDB1,Image_05L,E:\ca_apsrg_retinal_project\data\working_png\CHASEDB1\CHASEDB1\Image_05L.png,E:\ca_apsrg_retinal_project\data\working_png\CHASEDB1\CHASEDB1\Image_05L_1stHO.png,,E:\ca_apsrg_retinal_project\outputs\method_ablation\experiments_a04_selective_hybrid_bfs\CHASEDB1\comparison\Image_05L_comparison.png,0.937448907240574,0.937448907240574,0.0,0.8115868427220877,0.8115868427220877,0.0,0.2735676380347902,0.2735676380347902,0.0,0.994538551170367,0.994538551170367,0.0,0.4092023754419484,0.4092023754419484,0.0,0.2572309444802139,0.2572309444802139,0.0,0.0054614488296329,0.0054614488296329,0.0,0.7264323619652099,0.7264323619652099,0.0,0.6340530946025786,0.6340530946025786,0.0,0.4092023754419484,0.4092023754419484,0.0,True,0.0266912746079412,25598,959040,26,984.5384615384615,868.0,754.4952582187354,31,2695,0,0.0,0,0.0,2695,0.1052816626298929,6367,0.2487303695601218,386,1427,0.0606250981623998,0.2241243913931208,normal,low,normal,normal,normal,low,18,8,0,0,False,False,True
CHASEDB1,Image_05R,E:\ca_apsrg_retinal_project\data\working_png\CHASEDB1\CHASEDB1\Image_05R.png,E:\ca_apsrg_retinal_project\data\working_png\CHASEDB1\CHASEDB1\Image_05R_1stHO.png,,E:\ca_apsrg_retinal_project\outputs\method_ablation\experiments_a04_selective_hybrid_bfs\CHASEDB1\comparison\Image_05R_comparison.png,0.9260447947947948,0.9260447947947948,0.0,0.7904875277311834,0.7904875277311834,0.0,0.1788937462498316,0.1788937462498316,0.0,0.9955868457914898,0.9955868457914898,0.0,0.2917598657932577,0.2917598657932577,0.0,0.1707955807564155,0.1707955807564155,0.0,0.0044131542085101,0.0044131542085101,0.0,0.8211062537501683,0.8211062537501683,0.0,0.5872402960206607,0.5872402960206607,0.0,0.2917598657932577,0.2917598657932577,0.0,True,0.0192703119786453,18481,959040,20,924.05,292.5,1431.7303682956508,29,6418,0,0.0,0,0.0,6418,0.3472755803257399,4426,0.2394892051295925,265,888,0.0598734749209218,0.2006326253953908,low,low,conservative,conservative,low,low,8,4,0,0,False,False,True
CHASEDB1,Image_06L,E:\ca_apsrg_retinal_project\data\working_png\CHASEDB1\CHASEDB1\Image_06L.png,E:\ca_apsrg_retinal_project\data\working_png\CHASEDB1\CHASEDB1\Image_06L_1stHO.png,,E:\ca_apsrg_retinal_project\outputs\method_ablation\experiments_a04_selective_hybrid_bfs\CHASEDB1\comparison\Image_06L_comparison.png,0.9436227894561228,0.943653028028028,3.0238571905205625e-05,0.7819656198748709,0.7826549533392103,0.0006893334643394144,0.354466104961727,0.354466104961727,0.0,0.9919009842013348,0.9919337006601956,3.2716458860826414e-05,0.4878081127678521,0.4879421602721424,0.0001340475042903022,0.3225834742842824,0.3227007244378713,0.00011725015358887703,0.0080990157986651,0.0080662993398044,-3.271645886069978e-05,0.6455338950382731,0.6455338950382731,0.0,0.673183544581531,0.6731999028109613,1.6358229430357696e-05,0.4878081127678521,0.4879421602721424,0.0001340475042903022,True,0.0343322489155822,32926,959040,18,1829.2222222222224,769.0,3208.7784549325784,12,13819,0,0.0,0,0.0,13819,0.4196987183380914,7688,0.2334932879791046,394,1668,0.051248699271592,0.2169614984391259,normal,low,normal,normal,normal,low,18,8,0,0,False,False,True
CHASEDB1,Image_06R,E:\ca_apsrg_retinal_project\data\working_png\CHASEDB1\CHASEDB1\Image_06R.png,E:\ca_apsrg_retinal_project\data\working_png\CHASEDB1\CHASEDB1\Image_06R_1stHO.png,,E:\ca_apsrg_retinal_project\outputs\method_ablation\experiments_a04_selective_hybrid_bfs\CHASEDB1\comparison\Image_06R_comparison.png,0.9381746329662995,0.9381892308975642,1.4597931264681563e-05,0.7319721819331325,0.732353488372093,0.00038130643896050476,0.2742447887637944,0.2742447887637944,0.0,0.9918773498994672,0.991893128600925,1.577870145785809e-05,0.3989985505336672,0.3990551787759901,5.66282423229425e-05,0.2492181069958847,0.249262294043895,4.4187048010291274e-05,0.0081226501005328,0.0081068713990749,-1.5778701457899724e-05,0.7257552112362056,0.7257552112362056,0.0,0.6330610693316308,0.6330689586823597,7.889350728929045e-06,0.3989985505336672,0.3990551787759901,5.66282423229425e-05,True,0.0280374124124124,26889,959040,25,1075.56,417.0,1252.537874237741,14,4515,0,0.0,0,0.0,4515,0.167912529287069,6764,0.2515526795343821,429,1542,0.0634240094618568,0.2279716144293317,normal,low,normal,normal,normal,low,18,8,0,0,False,False,True
CHASEDB1,Image_07L,E:\ca_apsrg_retinal_project\data\working_png\CHASEDB1\CHASEDB1\Image_07L.png,E:\ca_apsrg_retinal_project\data\working_png\CHASEDB1\CHASEDB1\Image_07L_1stHO.png,,E:\ca_apsrg_retinal_project\outputs\method_ablation\experiments_a04_selective_hybrid_bfs\CHASEDB1\comparison\Image_07L_comparison.png,0.9372278528528528,0.9372278528528528,0.0,0.7364935403888816,0.7364935403888816,0.0,0.3022128810291972,0.3022128810291972,0.0,0.9908666453325132,0.9908666453325132,0.0,0.4285673605376313,0.4285673605376313,0.0,0.2727239779646274,0.2727239779646274,0.0,0.0091333546674868,0.0091333546674868,0.0,0.6977871189708028,0.6977871189708028,0.0,0.6465397631808552,0.6465397631808552,0.0,0.4285673605376313,0.4285673605376313,0.0,True,0.0319611277944611,30652,959040,16,1915.75,919.5,3578.153111243285,30,15140,0,0.0,0,0.0,15140,0.49393188046457,6855,0.2236395667493149,366,1346,0.0533916849015317,0.1963530269876003,normal,low,normal,normal,normal,low,18,8,0,0,False,False,True
CHASEDB1,Image_07R,E:\ca_apsrg_retinal_project\data\working_png\CHASEDB1\CHASEDB1\Image_07R.png,E:\ca_apsrg_retinal_project\data\working_png\CHASEDB1\CHASEDB1\Image_07R_1stHO.png,,E:\ca_apsrg_retinal_project\outputs\method_ablation\experiments_a04_selective_hybrid_bfs\CHASEDB1\comparison\Image_07R_comparison.png,0.936989072405739,0.937014097430764,2.502502502499393e-05,0.7287288382953883,0.7293675138767163,0.0006386755813280187,0.2737227277710777,0.2737227277710777,0.0,0.9916090340288374,0.9916361198638486,2.7085835011209092e-05,0.3979636566509922,0.3980588329081632,9.517625717098133e-05,0.2484111289379749,0.2484853008870476,7.417194907269331e-05,0.0083909659711626,0.0083638801361514,-2.7085835011200418e-05,0.7262772722289222,0.7262772722289222,0.0,0.6326658808999576,0.6326794238174631,1.3542917505549035e-05,0.3979636566509922,0.3980588329081632,9.517625717098133e-05,True,0.0285785785785785,27408,959040,28,978.8571428571428,201.5,1679.6629703239728,9,8027,1,0.0357142857142857,9,0.0003283712784588,8027,0.2928706946876824,6380,0.2327787507297139,400,1363,0.0626959247648902,0.2136363636363636,normal,low,normal,normal,normal,low,18,8,0,0,False,False,True
CHASEDB1,Image_08L,E:\ca_apsrg_retinal_project\data\working_png\CHASEDB1\CHASEDB1\Image_08L.png,E:\ca_apsrg_retinal_project\data\working_png\CHASEDB1\CHASEDB1\Image_08L_1stHO.png,,E:\ca_apsrg_retinal_project\outputs\method_ablation\experiments_a04_selective_hybrid_bfs\CHASEDB1\comparison\Image_08L_comparison.png,0.946755088421755,0.946755088421755,0.0,0.6322698971958106,0.6322698971958106,0.0,0.422403508206236,0.422403508206236,0.0,0.9830125282325582,0.9830125282325582,0.0,0.5064563519678342,0.5064563519678342,0.0,0.3390971215572582,0.3390971215572582,0.0,0.0169874717674417,0.0169874717674417,0.0,0.5775964917937639,0.5775964917937639,0.0,0.7027080182193972,0.7027080182193972,0.0,0.5064563519678342,0.5064563519678342,0.0,True,0.0432077911244577,41438,959040,23,1801.6521739130435,632.0,2823.9703103608617,64,12648,0,0.0,0,0.0,12648,0.3052270862493363,8178,0.1973550847048602,457,1584,0.0558816336512594,0.1936903888481291,normal,low,normal,normal,normal,low,18,8,0,0,False,False,True
CHASEDB1,Image_08R,E:\ca_apsrg_retinal_project\data\working_png\CHASEDB1\CHASEDB1\Image_08R.png,E:\ca_apsrg_retinal_project\data\working_png\CHASEDB1\CHASEDB1\Image_08R_1stHO.png,,E:\ca_apsrg_retinal_project\outputs\method_ablation\experiments_a04_selective_hybrid_bfs\CHASEDB1\comparison\Image_08R_comparison.png,0.9429460710710712,0.9429460710710712,0.0,0.6581544409400752,0.6581544409400752,0.0,0.2123246081890539,0.2123246081890539,0.0,0.992517578679553,0.992517578679553,0.0,0.32107006812006,0.32107006812006,0.0,0.1912349419850713,0.1912349419850713,0.0,0.0074824213204469,0.0074824213204469,0.0,0.787675391810946,0.787675391810946,0.0,0.6024210934343035,0.6024210934343035,0.0,0.32107006812006,0.32107006812006,0.0,True,0.0204975809142475,19658,959040,19,1034.6315789473683,713.0,949.9872691959346,12,2847,0,0.0,0,0.0,2847,0.144826533726727,4886,0.2485502085664869,314,1187,0.0642652476463364,0.2429390094146541,low,low,conservative,conservative,low,low,8,4,0,0,False,False,True
CHASEDB1,Image_09L,E:\ca_apsrg_retinal_project\data\working_png\CHASEDB1\CHASEDB1\Image_09L.png,E:\ca_apsrg_retinal_project\data\working_png\CHASEDB1\CHASEDB1\Image_09L_1stHO.png,,E:\ca_apsrg_retinal_project\outputs\method_ablation\experiments_a04_selective_hybrid_bfs\CHASEDB1\comparison\Image_09L_comparison.png,0.951880005005005,0.951880005005005,0.0,0.5210463817946582,0.5210463817946582,0.0,0.605865138900338,0.605865138900338,0.0,0.9703201261702156,0.9703201261702156,0.0,0.5602637521796716,0.5602637521796716,0.0,0.3891433260973156,0.3891433260973156,0.0,0.0296798738297844,0.0296798738297844,0.0,0.394134861099662,0.394134861099662,0.0,0.7880926325352768,0.7880926325352768,0.0,0.5602637521796716,0.5602637521796716,0.0,True,0.0588327911244577,56423,959040,22,2564.681818181818,930.0,3004.798925149321,58,8121,0,0.0,0,0.0,8121,0.1439306665721425,11431,0.2025946865639898,644,2415,0.056338028169014,0.2112676056338028,normal,low,normal,normal,normal,low,18,8,0,0,False,False,True
CHASEDB1,Image_09R,E:\ca_apsrg_retinal_project\data\working_png\CHASEDB1\CHASEDB1\Image_09R.png,E:\ca_apsrg_retinal_project\data\working_png\CHASEDB1\CHASEDB1\Image_09R_1stHO.png,,E:\ca_apsrg_retinal_project\outputs\method_ablation\experiments_a04_selective_hybrid_bfs\CHASEDB1\comparison\Image_09R_comparison.png,0.951683975642309,0.951683975642309,0.0,0.5261087267525035,0.5261087267525035,0.0,0.5122390872406235,0.5122390872406235,0.0,0.975253262669176,0.975253262669176,0.0,0.5190812757521976,0.5190812757521976,0.0,0.3505130074007625,0.3505130074007625,0.0,0.024746737330824,0.024746737330824,0.0,0.4877609127593765,0.4877609127593765,0.0,0.7437461749548997,0.7437461749548997,0.0,0.5190812757521976,0.5190812757521976,0.0,True,0.049562062062062,47532,959040,14,3395.1428571428573,2969.5,2448.690433014082,200,7391,0,0.0,0,0.0,7391,0.1554952453084238,9085,0.1911343936716317,450,1700,0.0495321959273527,0.1871216290588882,normal,low,normal,normal,normal,low,18,8,0,0,False,False,True
CHASEDB1,Image_10L,E:\ca_apsrg_retinal_project\data\working_png\CHASEDB1\CHASEDB1\Image_10L.png,E:\ca_apsrg_retinal_project\data\working_png\CHASEDB1\CHASEDB1\Image_10L_1stHO.png,,E:\ca_apsrg_retinal_project\outputs\method_ablation\experiments_a04_selective_hybrid_bfs\CHASEDB1\comparison\Image_10L_comparison.png,0.9348463046379714,0.9348463046379714,0.0,0.4695841014115805,0.4695841014115805,0.0,0.3095412477528464,0.3095412477528464,0.0,0.9766342144957972,0.9766342144957972,0.0,0.3731251943778404,0.3731251943778404,0.0,0.2293508960175626,0.2293508960175626,0.0,0.0233657855042026,0.0233657855042026,0.0,0.6904587522471536,0.6904587522471536,0.0,0.6430877311243219,0.6430877311243219,0.0,0.3731251943778404,0.3731251943778404,0.0,True,0.0412923340006673,39601,959040,22,1800.0454545454545,907.5,2493.676812136735,21,10341,0,0.0,0,0.0,10341,0.2611297694502664,9259,0.233807227090225,546,2013,0.0589696511502322,0.2174100874824495,normal,low,normal,normal,normal,low,18,8,0,0,False,False,True
CHASEDB1,Image_10R,E:\ca_apsrg_retinal_project\data\working_png\CHASEDB1\CHASEDB1\Image_10R.png,E:\ca_apsrg_retinal_project\data\working_png\CHASEDB1\CHASEDB1\Image_10R_1stHO.png,,E:\ca_apsrg_retinal_project\outputs\method_ablation\experiments_a04_selective_hybrid_bfs\CHASEDB1\comparison\Image_10R_comparison.png,0.9461815982649316,0.9461993243243244,1.772605939276417e-05,0.661516678465831,0.6619853308884814,0.000468652422650484,0.267554866854188,0.267554866854188,0.0,0.9909655662249116,0.99098446206327,1.8895838358345962e-05,0.3810083469250696,0.3810860412393393,7.769431426973838e-05,0.2353368198047378,0.2353961056281675,5.9285823429705564e-05,0.0090344337750883,0.00901553793673,-1.889583835830086e-05,0.7324451331458119,0.7324451331458119,0.0,0.6292602165395498,0.629269664458729,9.447919179228492e-06,0.3810083469250696,0.3810860412393393,7.769431426973838e-05,True,0.0250385802469135,24013,959040,25,960.52,222.0,1326.4176452384822,17,4156,0,0.0,0,0.0,4156,0.1730729188356307,5602,0.2332903010869112,334,1237,0.0596215637272402,0.220813995001785,normal,low,normal,normal,normal,low,18,8,0,0,False,False,True
CHASEDB1,Image_11L,E:\ca_apsrg_retinal_project\data\working_png\CHASEDB1\CHASEDB1\Image_11L.png,E:\ca_apsrg_retinal_project\data\working_png\CHASEDB1\CHASEDB1\Image_11L_1stHO.png,,E:\ca_apsrg_retinal_project\outputs\method_ablation\experiments_a04_selective_hybrid_bfs\CHASEDB1\comparison\Image_11L_comparison.png,0.9490365365365364,0.9490365365365364,0.0,0.5541656604684859,0.5541656604684859,0.0,0.224456659950312,0.224456659950312,0.0,0.9898328158507184,0.9898328158507184,0.0,0.3195032301180663,0.3195032301180663,0.0,0.1901242750621375,0.1901242750621375,0.0,0.0101671841492817,0.0101671841492817,0.0,0.775543340049688,0.775543340049688,0.0,0.6071447379005152,0.6071447379005152,0.0,0.3195032301180663,0.3195032301180663,0.0,True,0.0215892976309643,20705,959040,11,1882.2727272727277,700.0,2442.703460992985,34,7543,0,0.0,0,0.0,7543,0.3643081381308862,3784,0.1827577879739193,179,735,0.0473044397463002,0.1942389006342494,low,low,conservative,conservative,low,low,8,4,0,0,False,False,True
CHASEDB1,Image_11R,E:\ca_apsrg_retinal_project\data\working_png\CHASEDB1\CHASEDB1\Image_11R.png,E:\ca_apsrg_retinal_project\data\working_png\CHASEDB1\CHASEDB1\Image_11R_1stHO.png,,E:\ca_apsrg_retinal_project\outputs\method_ablation\experiments_a04_selective_hybrid_bfs\CHASEDB1\comparison\Image_11R_comparison.png,0.9598087671004336,0.9598087671004336,0.0,0.6408368762586708,0.6408368762586708,0.0,0.5600883969256645,0.5600883969256645,0.0,0.9823208764774366,0.9823208764774366,0.0,0.5977479310812644,0.5977479310812644,0.0,0.4262770897832817,0.4262770897832817,0.0,0.0176791235225634,0.0176791235225634,0.0,0.4399116030743356,0.4399116030743356,0.0,0.7712046367015506,0.7712046367015506,0.0,0.5977479310812644,0.5977479310812644,0.0,True,0.0465986820153486,44690,959040,16,2793.125,836.5,3527.512772390059,49,13299,0,0.0,0,0.0,13299,0.2975833519803088,8152,0.1824121727455806,368,1482,0.0451422963689892,0.1817958783120706,normal,low,normal,normal,normal,low,18,8,0,0,False,False,True
CHASEDB1,Image_12L,E:\ca_apsrg_retinal_project\data\working_png\CHASEDB1\CHASEDB1\Image_12L.png,E:\ca_apsrg_retinal_project\data\working_png\CHASEDB1\CHASEDB1\Image_12L_1stHO.png,,E:\ca_apsrg_retinal_project\outputs\method_ablation\experiments_a04_selective_hybrid_bfs\CHASEDB1\comparison\Image_12L_comparison.png,0.9388450950950952,0.9388450950950952,0.0,0.7369454080701113,0.7369454080701113,0.0,0.2338770425310001,0.2338770425310001,0.0,0.9935247773053726,0.9935247773053726,0.0,0.3550692764460083,0.3550692764460083,0.0,0.2158566749114245,0.2158566749114245,0.0,0.0064752226946274,0.0064752226946274,0.0,0.7661229574689998,0.7661229574689998,0.0,0.6137009099181864,0.6137009099181864,0.0,0.3550692764460083,0.3550692764460083,0.0,True,0.0228436770103436,21908,959040,21,1043.2380952380952,878.0,862.6691085982535,53,3257,0,0.0,0,0.0,3257,0.1486671535512141,5486,0.2504108088369545,376,1404,0.0685380969741159,0.2559241706161137,low,low,conservative,conservative,low,low,8,4,0,0,False,False,True
CHASEDB1,Image_12R,E:\ca_apsrg_retinal_project\data\working_png\CHASEDB1\CHASEDB1\Image_12R.png,E:\ca_apsrg_retinal_project\data\working_png\CHASEDB1\CHASEDB1\Image_12R_1stHO.png,,E:\ca_apsrg_retinal_project\outputs\method_ablation\experiments_a04_selective_hybrid_bfs\CHASEDB1\comparison\Image_12R_comparison.png,0.9300706956956956,0.9300706956956956,0.0,0.5928656619321262,0.5928656619321262,0.0,0.1551403725298265,0.1551403725298265,0.0,0.9915480181734492,0.9915480181734492,0.0,0.2459268920696672,0.2459268920696672,0.0,0.1402033307265291,0.1402033307265291,0.0,0.0084519818265509,0.0084519818265509,0.0,0.8448596274701735,0.8448596274701735,0.0,0.5733441953516378,0.5733441953516378,0.0,0.2459268920696672,0.2459268920696672,0.0,True,0.0192338171504838,18446,959040,11,1676.909090909091,952.0,2574.330326142932,36,9416,0,0.0,0,0.0,9416,0.5104629730022769,4436,0.2404857421663233,243,920,0.0547790802524797,0.2073940486925158,low,low,conservative,conservative,low,low,8,4,0,0,False,False,True
CHASEDB1,Image_13L,E:\ca_apsrg_retinal_project\data\working_png\CHASEDB1\CHASEDB1\Image_13L.png,E:\ca_apsrg_retinal_project\data\working_png\CHASEDB1\CHASEDB1\Image_13L_1stHO.png,,E:\ca_apsrg_retinal_project\outputs\method_ablation\experiments_a04_selective_hybrid_bfs\CHASEDB1\comparison\Image_13L_comparison.png,0.945559100767434,0.9455747414080748,1.564064064085713e-05,0.5901504059629975,0.5903861517976032,0.0002357458346057273,0.3758476875084768,0.3758476875084768,0.0,0.982894397681922,0.9829110633116162,1.666562969415697e-05,0.4592279567887808,0.4592993142312553,7.13574424744956e-05,0.2980505512234471,0.2981106703422309,6.011911878378573e-05,0.0171056023180779,0.0170889366883838,-1.666562969409799e-05,0.6241523124915231,0.6241523124915231,0.0,0.6793710425951994,0.6793793754100466,8.332814847133996e-06,0.4592279567887808,0.4592993142312553,7.13574424744956e-05,True,0.0391693777110443,37565,959040,21,1788.809523809524,1483.0,1794.93238018403,15,6828,0,0.0,0,0.0,6828,0.1817649407693331,8147,0.2168774124850259,443,1699,0.0543758438689088,0.2085430219712777,normal,low,normal,normal,normal,low,18,8,0,0,False,False,True
CHASEDB1,Image_13R,E:\ca_apsrg_retinal_project\data\working_png\CHASEDB1\CHASEDB1\Image_13R.png,E:\ca_apsrg_retinal_project\data\working_png\CHASEDB1\CHASEDB1\Image_13R_1stHO.png,,E:\ca_apsrg_retinal_project\outputs\method_ablation\experiments_a04_selective_hybrid_bfs\CHASEDB1\comparison\Image_13R_comparison.png,0.9376355522188856,0.9376355522188856,0.0,0.5652522017614091,0.5652522017614091,0.0,0.0582268041237113,0.0582268041237113,0.0,0.9969780112754127,0.9969780112754127,0.0,0.1055779871392253,0.1055779871392253,0.0,0.0557309756867698,0.0557309756867698,0.0,0.0030219887245871,0.0030219887245871,0.0,0.9417731958762886,0.9417731958762886,0.0,0.5276024076995621,0.5276024076995621,0.0,0.1055779871392253,0.1055779871392253,0.0,True,0.0065117200533867,6245,959040,6,1040.8333333333333,998.5,837.2660701486847,86,2482,0,0.0,0,0.0,2482,0.3974379503602882,1595,0.255404323458767,106,375,0.0664576802507837,0.2351097178683385,low,low,conservative,conservative,low,low,8,4,0,0,False,False,True
CHASEDB1,Image_14L,E:\ca_apsrg_retinal_project\data\working_png\CHASEDB1\CHASEDB1\Image_14L.png,E:\ca_apsrg_retinal_project\data\working_png\CHASEDB1\CHASEDB1\Image_14L_1stHO.png,,E:\ca_apsrg_retinal_project\outputs\method_ablation\experiments_a04_selective_hybrid_bfs\CHASEDB1\comparison\Image_14L_comparison.png,0.9495923006339672,0.9495923006339672,0.0,0.7351234830743028,0.7351234830743028,0.0,0.4184478814778907,0.4184478814778907,0.0,0.9888547602704062,0.9888547602704062,0.0,0.5333191748158588,0.5333191748158588,0.0,0.3636231998525656,0.3636231998525656,0.0,0.0111452397295938,0.0111452397295938,0.0,0.5815521185221093,0.5815521185221093,0.0,0.7036513208741484,0.7036513208741484,0.0,0.5333191748158588,0.5333191748158588,0.0,True,0.0391808475141808,37576,959040,25,1503.04,247.0,2586.105697453219,22,9863,0,0.0,0,0.0,9863,0.2624813710879284,7983,0.2124494358100915,406,1537,0.0508580734059877,0.1925341350369535,normal,low,normal,normal,normal,low,18,8,0,0,False,False,True
CHASEDB1,Image_14R,E:\ca_apsrg_retinal_project\data\working_png\CHASEDB1\CHASEDB1\Image_14R.png,E:\ca_apsrg_retinal_project\data\working_png\CHASEDB1\CHASEDB1\Image_14R_1stHO.png,,E:\ca_apsrg_retinal_project\outputs\method_ablation\experiments_a04_selective_hybrid_bfs\CHASEDB1\comparison\Image_14R_comparison.png,0.9484724307640976,0.9484724307640976,0.0,0.579386922273892,0.579386922273892,0.0,0.435224295567556,0.435224295567556,0.0,0.980366163084444,0.980366163084444,0.0,0.4970638224248654,0.4970638224248654,0.0,0.3307284965532185,0.3307284965532185,0.0,0.0196338369155561,0.0196338369155561,0.0,0.564775704432444,0.564775704432444,0.0,0.7077952293259999,0.7077952293259999,0.0,0.4970638224248654,0.4970638224248654,0.0,True,0.0439481147814481,42148,959040,19,2218.315789473684,240.0,5279.928767986728,27,22893,0,0.0,0,0.0,22893,0.543157445193129,9876,0.2343171680744044,548,2301,0.0554880518428513,0.2329890643985419,normal,low,normal,normal,normal,low,18,8,0,0,False,False,True
DRIVE,21,E:\ca_apsrg_retinal_project\data\working_png\DRIVE\DRIVE\training\images\21_training.png,E:\ca_apsrg_retinal_project\data\working_png\DRIVE\DRIVE\training\1st_manual\21_manual1.png,E:\ca_apsrg_retinal_project\data\working_png\DRIVE\DRIVE\training\mask\21_training_mask.png,E:\ca_apsrg_retinal_project\outputs\method_ablation\experiments_a04_selective_hybrid_bfs\DRIVE\comparison\21_comparison.png,0.9298537234042552,0.9298005319148936,-5.319148936155926e-05,0.8164670443950369,0.8163997989516766,-6.7245443360342e-05,0.4618255578093306,0.4612576064908722,-0.0005679513184583818,0.987265488927594,0.9872754416521524,9.952724558393022e-06,0.5899515456170809,0.5894704098296912,-0.0004811357873896194,0.41839097357492,0.4179071562465542,-0.0004838173283657765,0.012734511072406,0.0127245583478477,-9.952724558299347e-06,0.5381744421906693,0.5387423935091278,0.0005679513184584373,0.7245455233684623,0.7242665240715123,-0.00027899929695007764,0.5899515456170809,0.5894704098296912,-0.0004811357873896194,True,0.0618040780141843,13943,225600,19,733.8421052631579,143.0,1411.7719833471651,16,5634,0,0.0,0,0.0,5634,0.4040737287527792,4381,0.3142078462310837,221,650,0.0504451038575667,0.1483679525222551,normal,low,normal,normal,normal,low,18,8,0,0,False,False,True
DRIVE,22,E:\ca_apsrg_retinal_project\data\working_png\DRIVE\DRIVE\training\images\22_training.png,E:\ca_apsrg_retinal_project\data\working_png\DRIVE\DRIVE\training\1st_manual\22_manual1.png,E:\ca_apsrg_retinal_project\data\working_png\DRIVE\DRIVE\training\mask\22_training_mask.png,E:\ca_apsrg_retinal_project\outputs\method_ablation\experiments_a04_selective_hybrid_bfs\DRIVE\comparison\22_comparison.png,0.9021547218537812,0.9021415458130936,-1.317604068762357e-05,0.8132078614257162,0.8134222592746978,0.00021439784898158454,0.3276845637583893,0.3274161073825503,-0.00026845637583899906,0.9886651910696056,0.988690458142567,2.5267072961354664e-05,0.4671354764638347,0.4668979543007537,-0.00023752216308098317,0.3047467465593109,0.3045446032836007,-0.00020214327571016488,0.0113348089303942,0.011309541857433,-2.526707296119854e-05,0.6723154362416107,0.6725838926174497,0.00026845637583894355,0.6581748774139975,0.6580532827625587,-0.00012159465143879444,0.4671354764638347,0.4668979543007537,-0.00023752216308098317,True,0.0527392988589548,12008,227686,11,1091.6363636363635,256.0,1480.605114178737,13,4841,0,0.0,0,0.0,4841,0.4031479013990673,3758,0.3129580279813457,178,598,0.0473656200106439,0.1591271953166578,normal,low,normal,normal,normal,low,18,8,0,0,False,False,True
DRIVE,23,E:\ca_apsrg_retinal_project\data\working_png\DRIVE\DRIVE\training\images\23_training.png,E:\ca_apsrg_retinal_project\data\working_png\DRIVE\DRIVE\training\1st_manual\23_manual1.png,E:\ca_apsrg_retinal_project\data\working_png\DRIVE\DRIVE\training\mask\23_training_mask.png,E:\ca_apsrg_retinal_project\outputs\method_ablation\experiments_a04_selective_hybrid_bfs\DRIVE\comparison\23_comparison.png,0.883630531099493,0.8836875019172872,5.697081779421076e-05,0.3482758620689655,0.348559954822112,0.0002840927531465032,0.2558257345491388,0.2558257345491388,0.0,0.9496544342359534,0.94971739646346,6.296222750656888e-05,0.2949766355140187,0.2950784839712093,0.00010184845719057867,0.1730044535799931,0.1730745264207377,7.007284074458942e-05,0.0503455657640466,0.0502826035365398,-6.296222750679786e-05,0.7441742654508612,0.7441742654508612,0.0,0.6027400843925461,0.6027715655062995,3.148111375339546e-05,0.2949766355140187,0.2950784839712093,0.00010184845719057867,True,0.0698988110628563,15950,228187,25,638.0,338.0,854.4526669160791,13,3480,0,0.0,0,0.0,3480,0.2181818181818181,4783,0.2998746081504702,284,895,0.0593769600669036,0.1871210537319673,normal,low,normal,normal,normal,low,18,8,0,0,False,False,True
DRIVE,24,E:\ca_apsrg_retinal_project\data\working_png\DRIVE\DRIVE\training\images\24_training.png,E:\ca_apsrg_retinal_project\data\working_png\DRIVE\DRIVE\training\1st_manual\24_manual1.png,E:\ca_apsrg_retinal_project\data\working_png\DRIVE\DRIVE\training\mask\24_training_mask.png,E:\ca_apsrg_retinal_project\outputs\method_ablation\experiments_a04_selective_hybrid_bfs\DRIVE\comparison\24_comparison.png,0.8733038827362708,0.8733038827362708,0.0,0.8598662464447691,0.8598662464447691,0.0,0.2927122857516682,0.2927122857516682,0.0,0.9903805056170882,0.9903805056170882,0.0,0.4367483991878806,0.4367483991878806,0.0,0.2793845846445876,0.2793845846445876,0.0,0.0096194943829118,0.0096194943829118,0.0,0.7072877142483318,0.7072877142483318,0.0,0.6415463956843782,0.6415463956843782,0.0,0.4367483991878806,0.4367483991878806,0.0,True,0.0571256685666107,13009,227726,5,2601.8,1537.0,2906.3908477697905,91,8037,0,0.0,0,0.0,8037,0.6178030594204013,3892,0.2991774925051887,183,621,0.0470195272353545,0.1595580678314491,normal,low,normal,normal,normal,low,18,8,0,0,False,False,True
DRIVE,25,E:\ca_apsrg_retinal_project\data\working_png\DRIVE\DRIVE\training\images\25_training.png,E:\ca_apsrg_retinal_project\data\working_png\DRIVE\DRIVE\training\1st_manual\25_manual1.png,E:\ca_apsrg_retinal_project\data\working_png\DRIVE\DRIVE\training\mask\25_training_mask.png,E:\ca_apsrg_retinal_project\outputs\method_ablation\experiments_a04_selective_hybrid_bfs\DRIVE\comparison\25_comparison.png,0.9119289942910423,0.91196857874227,3.9584451227647754e-05,0.7694194981946116,0.7697651799360845,0.0003456817414728697,0.5249178878221324,0.5248863062152602,-3.158160687222189e-05,0.9745475170926632,0.9745986162352196,5.1099142556410015e-05,0.6240753951864229,0.6241667449065815,9.134972015867326e-05,0.4535680174648656,0.4536645284563941,9.651099152852005e-05,0.0254524829073368,0.0254013837647804,-5.1099142556403077e-05,0.4750821121778676,0.4751136937847398,3.158160687216638e-05,0.7497327024573979,0.7497424612252399,9.758767842038552e-06,0.6240753951864229,0.6241667449065815,9.134972015867326e-05,True,0.0950114794908559,21602,227362,10,2160.2,479.5,3061.75808319338,11,8771,1,0.1,11,0.0005092121099898,8771,0.4060272197018794,5951,0.2754837515044903,310,1053,0.0520920853638044,0.1769450512518904,normal,low,normal,normal,normal,low,18,8,0,0,False,False,True
DRIVE,26,E:\ca_apsrg_retinal_project\data\working_png\DRIVE\DRIVE\training\images\26_training.png,E:\ca_apsrg_retinal_project\data\working_png\DRIVE\DRIVE\training\1st_manual\26_manual1.png,E:\ca_apsrg_retinal_project\data\working_png\DRIVE\DRIVE\training\mask\26_training_mask.png,E:\ca_apsrg_retinal_project\outputs\method_ablation\experiments_a04_selective_hybrid_bfs\DRIVE\comparison\26_comparison.png,0.9141506583974552,0.9141151173742292,-3.55410232260045e-05,0.78851857082333,0.7883990391408789,-0.00011953168245104617,0.4061318009892348,0.4058408495781204,-0.00029095141111440403,0.9848428105832102,0.9848428105832102,0.0,0.5361275145230208,0.5358463385354142,-0.0002811759876065745,0.36623921812994,0.3659768456265783,-0.0002623725033616964,0.0151571894167898,0.0151571894167898,0.0,0.5938681990107652,0.5941591504218795,0.0002909514111143485,0.6954873057862225,0.6953418300806653,-0.00014547570555722977,0.5361275145230208,0.5358463385354142,-0.0002811759876065745,True,0.0629164963659303,14162,225092,7,2023.142857142857,169.0,2951.9872448704027,8,7676,1,0.1428571428571428,8,0.0005648919644118,7676,0.5420138398531281,4064,0.2869651179211975,204,739,0.0501968503937007,0.1818405511811023,normal,low,normal,normal,normal,low,18,8,0,0,False,False,True
DRIVE,27,E:\ca_apsrg_retinal_project\data\working_png\DRIVE\DRIVE\training\images\27_training.png,E:\ca_apsrg_retinal_project\data\working_png\DRIVE\DRIVE\training\1st_manual\27_manual1.png,E:\ca_apsrg_retinal_project\data\working_png\DRIVE\DRIVE\training\mask\27_training_mask.png,E:\ca_apsrg_retinal_project\outputs\method_ablation\experiments_a04_selective_hybrid_bfs\DRIVE\comparison\27_comparison.png,0.9100014923669818,0.9100014923669818,0.0,0.7653472093167317,0.7653472093167317,0.0,0.4249939802552371,0.4249939802552371,0.0,0.980941359965787,0.980941359965787,0.0,0.5465121422568231,0.5465121422568231,0.0,0.3760004869289997,0.3760004869289997,0.0,0.0190586400342129,0.0190586400342129,0.0,0.5750060197447628,0.5750060197447628,0.0,0.7029676701105121,0.7029676701105121,0.0,0.5465121422568231,0.5465121422568231,0.0,True,0.0708567064338574,16143,227826,6,2690.5,490.0,3416.787562901738,31,7637,0,0.0,0,0.0,7637,0.473084308988416,5161,0.3197051353527845,257,899,0.0497965510559969,0.1741910482464638,normal,low,normal,normal,normal,low,18,8,0,0,False,False,True
DRIVE,28,E:\ca_apsrg_retinal_project\data\working_png\DRIVE\DRIVE\training\images\28_training.png,E:\ca_apsrg_retinal_project\data\working_png\DRIVE\DRIVE\training\1st_manual\28_manual1.png,E:\ca_apsrg_retinal_project\data\working_png\DRIVE\DRIVE\training\mask\28_training_mask.png,E:\ca_apsrg_retinal_project\outputs\method_ablation\experiments_a04_selective_hybrid_bfs\DRIVE\comparison\28_comparison.png,0.8927404135892348,0.8927800041350126,3.9590545777734576e-05,0.7957671957671958,0.7963089025035928,0.0005417067363969741,0.326865161911267,0.326865161911267,0.0,0.986151969577384,0.986198095511434,4.612593404995646e-05,0.463390479544004,0.4634822804314329,9.180088742893888e-05,0.3015668413966944,0.3016446048937024,7.776349700799878e-05,0.013848030422616,0.0138019044885658,-4.612593405020106e-05,0.673134838088733,0.673134838088733,0.0,0.6565085657443255,0.6565316287113505,2.3062967025033743e-05,0.463390479544004,0.4634822804314329,9.180088742893888e-05,True,0.0581981022931723,13230,227327,13,1017.6923076923076,511.0,1209.2497600779257,9,4484,1,0.0769230769230769,9,0.0006802721088435,4484,0.3389266817838246,4122,0.3115646258503401,230,692,0.0557981562348374,0.1678796700630761,normal,low,normal,normal,normal,low,18,8,0,0,False,False,True
DRIVE,29,E:\ca_apsrg_retinal_project\data\working_png\DRIVE\DRIVE\training\images\29_training.png,E:\ca_apsrg_retinal_project\data\working_png\DRIVE\DRIVE\training\1st_manual\29_manual1.png,E:\ca_apsrg_retinal_project\data\working_png\DRIVE\DRIVE\training\mask\29_training_mask.png,E:\ca_apsrg_retinal_project\outputs\method_ablation\experiments_a04_selective_hybrid_bfs\DRIVE\comparison\29_comparison.png,0.9176671403244042,0.9176671403244042,0.0,0.7605845318546757,0.7605845318546757,0.0,0.4747278102242411,0.4747278102242411,0.0,0.979230449313778,0.979230449313778,0.0,0.5845819182704046,0.5845819182704046,0.0,0.4130100680613493,0.4130100680613493,0.0,0.0207695506862219,0.0207695506862219,0.0,0.5252721897757588,0.5252721897757588,0.0,0.7269791297690096,0.7269791297690096,0.0,0.5845819182704046,0.5845819182704046,0.0,True,0.0761650440589681,17313,227309,4,4328.25,3600.5,4163.47735522844,261,9851,0,0.0,0,0.0,9851,0.5689943972737249,5071,0.2929012880494426,268,1013,0.0528495365805561,0.1997633602839676,normal,low,normal,normal,normal,low,18,8,0,0,False,False,True
DRIVE,30,E:\ca_apsrg_retinal_project\data\working_png\DRIVE\DRIVE\training\images\30_training.png,E:\ca_apsrg_retinal_project\data\working_png\DRIVE\DRIVE\training\1st_manual\30_manual1.png,E:\ca_apsrg_retinal_project\data\working_png\DRIVE\DRIVE\training\mask\30_training_mask.png,E:\ca_apsrg_retinal_project\outputs\method_ablation\experiments_a04_selective_hybrid_bfs\DRIVE\comparison\30_comparison.png,0.9114886539146964,0.911444651256936,-4.400265776038914e-05,0.7798174048174048,0.7796033443515458,-0.00021406046585903393,0.3102755342582216,0.3098890906983035,-0.00038644355991807045,0.9887427873394842,0.9887427873394842,0.0,0.4439222624609515,0.4434919669275226,-0.0004302955334289371,0.2852828311540648,0.2849275156338829,-0.00035531552018186474,0.0112572126605158,0.0112572126605158,0.0,0.6897244657417784,0.6901109093016965,0.00038644355991812596,0.6495091607988529,0.6493159390188938,-0.00019322177995906298,0.4439222624609515,0.4434919669275226,-0.0004302955334289371,True,0.0453051364302403,10296,227259,15,686.4,599.0,639.1216681248311,10,1904,1,0.0666666666666666,10,0.0009712509712509,1904,0.1849261849261849,3437,0.3338189588189588,196,638,0.0570264765784114,0.1856270002909514,normal,low,normal,normal,normal,low,18,8,0,0,False,False,True
DRIVE,31,E:\ca_apsrg_retinal_project\data\working_png\DRIVE\DRIVE\training\images\31_training.png,E:\ca_apsrg_retinal_project\data\working_png\DRIVE\DRIVE\training\1st_manual\31_manual1.png,E:\ca_apsrg_retinal_project\data\working_png\DRIVE\DRIVE\training\mask\31_training_mask.png,E:\ca_apsrg_retinal_project\outputs\method_ablation\experiments_a04_selective_hybrid_bfs\DRIVE\comparison\31_comparison.png,0.921625289304834,0.9215594134413112,-6.587586352280184e-05,0.5878673635506811,0.5873369938229238,-0.0005303697277573294,0.34482585314369,0.3440719706488415,-0.0007538824948485345,0.976853188581548,0.976853188581548,0.0,0.434680689305626,0.433936551199569,-0.0007441381060570018,0.2776945804832638,0.2770874650908649,-0.0006071153923988826,0.023146811418452,0.023146811418452,0.0,0.65517414685631,0.6559280293511585,0.0007538824948484235,0.660839520862619,0.6604625796151948,-0.00037694124742415624,0.434680689305626,0.433936551199569,-0.0007441381060570018,True,0.0512558135449558,11671,227701,15,778.0666666666667,478.0,795.2300687362257,15,2743,0,0.0,0,0.0,2743,0.2350269899751521,3551,0.3042584183017736,171,584,0.0481554491692481,0.1644607152914672,normal,low,normal,normal,normal,low,18,8,0,0,False,False,True
DRIVE,32,E:\ca_apsrg_retinal_project\data\working_png\DRIVE\DRIVE\training\images\32_training.png,E:\ca_apsrg_retinal_project\data\working_png\DRIVE\DRIVE\training\1st_manual\32_manual1.png,E:\ca_apsrg_retinal_project\data\working_png\DRIVE\DRIVE\training\mask\32_training_mask.png,E:\ca_apsrg_retinal_project\outputs\method_ablation\experiments_a04_selective_hybrid_bfs\DRIVE\comparison\32_comparison.png,0.9022245536666904,0.9022245536666904,0.0,0.881340301260375,0.881340301260375,0.0,0.2127170203294257,0.2127170203294257,0.0,0.9961007737842698,0.9961007737842698,0.0,0.3427171119478812,0.3427171119478812,0.0,0.2067945758799769,0.2067945758799769,0.0,0.0038992262157302,0.0038992262157302,0.0,0.7872829796705743,0.7872829796705743,0.0,0.6044088970568477,0.6044088970568477,0.0,0.3427171119478812,0.3427171119478812,0.0,True,0.028922754107689,6506,224944,4,1626.5,936.0,1830.651045393414,48,4586,0,0.0,0,0.0,4586,0.7048877958807255,2172,0.3338456809099293,106,346,0.0488029465930018,0.1593001841620626,normal,low,normal,normal,normal,low,18,8,0,0,False,False,True
DRIVE,33,E:\ca_apsrg_retinal_project\data\working_png\DRIVE\DRIVE\training\images\33_training.png,E:\ca_apsrg_retinal_project\data\working_png\DRIVE\DRIVE\training\1st_manual\33_manual1.png,E:\ca_apsrg_retinal_project\data\working_png\DRIVE\DRIVE\training\mask\33_training_mask.png,E:\ca_apsrg_retinal_project\outputs\method_ablation\experiments_a04_selective_hybrid_bfs\DRIVE\comparison\33_comparison.png,0.9241496807735204,0.9241013796555692,-4.830111795128822e-05,0.8346260584928485,0.8349258414147176,0.00029978292186905175,0.4396341691967465,0.438884515911391,-0.0007496532853555338,0.9884412038257429,0.9884859668057636,4.476298002076273e-05,0.5759108317784543,0.5753384271429625,-0.0005724046354917967,0.4044064407130296,0.4038421742429468,-0.000564266470082786,0.0115587961742573,0.0115140331942365,-4.476298002079916e-05,0.5603658308032535,0.561115484088609,0.0007496532853554783,0.7140376865112447,0.7136852413585772,-0.0003524451526674133,0.5759108317784543,0.5753384271429625,-0.0005724046354917967,True,0.0617068736881855,14053,227738,20,702.65,137.0,1470.9628572809036,12,5273,0,0.0,0,0.0,5273,0.3752223724471643,4609,0.3279726748736924,241,717,0.0522889997830331,0.1555651985246257,normal,low,normal,normal,normal,low,18,8,0,0,False,False,True
DRIVE,34,E:\ca_apsrg_retinal_project\data\working_png\DRIVE\DRIVE\training\images\34_training.png,E:\ca_apsrg_retinal_project\data\working_png\DRIVE\DRIVE\training\1st_manual\34_manual1.png,E:\ca_apsrg_retinal_project\data\working_png\DRIVE\DRIVE\training\mask\34_training_mask.png,E:\ca_apsrg_retinal_project\outputs\method_ablation\experiments_a04_selective_hybrid_bfs\DRIVE\comparison\34_comparison.png,0.8782609847180656,0.8782609847180656,0.0,0.7316929133858268,0.7316929133858268,0.0,0.230247468021185,0.230247468021185,0.0,0.9859668991789144,0.9859668991789144,0.0,0.3502721040356208,0.3502721040356208,0.0,0.2123211378630794,0.2123211378630794,0.0,0.0140331008210856,0.0140331008210856,0.0,0.769752531978815,0.769752531978815,0.0,0.6081071836000497,0.6081071836000497,0.0,0.3502721040356208,0.3502721040356208,0.0,True,0.0448481959195204,10160,226542,11,923.6363636363636,97.0,1393.431230826022,28,3842,0,0.0,0,0.0,3842,0.3781496062992126,3059,0.3010826771653543,164,554,0.0536122915985616,0.1811049362536776,normal,low,normal,normal,normal,low,18,8,0,0,False,False,True
DRIVE,35,E:\ca_apsrg_retinal_project\data\working_png\DRIVE\DRIVE\training\images\35_training.png,E:\ca_apsrg_retinal_project\data\working_png\DRIVE\DRIVE\training\1st_manual\35_manual1.png,E:\ca_apsrg_retinal_project\data\working_png\DRIVE\DRIVE\training\mask\35_training_mask.png,E:\ca_apsrg_retinal_project\outputs\method_ablation\experiments_a04_selective_hybrid_bfs\DRIVE\comparison\35_comparison.png,0.8947971851031865,0.8948411129560809,4.3927852894420916e-05,0.8786746792268962,0.8801041158288596,0.0014294366019633742,0.1890815042639452,0.1890815042639452,0.0,0.9962468723936614,0.9962971150657676,5.024267210618216e-05,0.3111967557306796,0.3112862855663281,8.952983564847194e-05,0.1842705814230729,0.1843333674060445,6.278598297160265e-05,0.0037531276063386,0.0037028849342323,-5.0242672106300124e-05,0.8109184957360548,0.8109184957360548,0.0,0.5926641883288033,0.5926893096648564,2.5121336053146592e-05,0.3111967557306796,0.3112862855663281,8.952983564847194e-05,True,0.0270463790270859,6157,227646,10,615.7,289.0,956.9722096278448,10,3424,1,0.1,10,0.0016241676140977,3424,0.5561149910670781,1965,0.3191489361702128,104,294,0.0529262086513994,0.149618320610687,normal,low,normal,normal,normal,low,18,8,0,0,False,False,True
DRIVE,36,E:\ca_apsrg_retinal_project\data\working_png\DRIVE\DRIVE\training\images\36_training.png,E:\ca_apsrg_retinal_project\data\working_png\DRIVE\DRIVE\training\1st_manual\36_manual1.png,E:\ca_apsrg_retinal_project\data\working_png\DRIVE\DRIVE\training\mask\36_training_mask.png,E:\ca_apsrg_retinal_project\outputs\method_ablation\experiments_a04_selective_hybrid_bfs\DRIVE\comparison\36_comparison.png,0.8921955663528697,0.8921119458491222,-8.362050374743912e-05,0.864448,0.8645165427032573,6.85427032572905e-05,0.3764073124512317,0.3757384906922305,-0.0006688217590012369,0.9889302943036486,0.9889564267533568,2.6132449708171634e-05,0.5244520375080083,0.5238150738150739,-0.0006369636929344225,0.3554286616493868,0.3548438034581677,-0.0005848581912191175,0.0110697056963513,0.0110435732466432,-2.613244970810051e-05,0.6235926875487683,0.6242615093077695,0.0006688217590011813,0.6826688033774402,0.6823474587227936,-0.0003213446546466159,0.5244520375080083,0.5238150738150739,-0.0006369636929344225,True,0.0687668616344727,15625,227217,10,1562.5,41.5,2902.9327325999134,9,7413,3,0.3,29,0.001856,7413,0.474432,4961,0.317504,220,735,0.0443458980044345,0.1481556137875428,normal,medium,normal,normal,normal,medium,18,8,0,0,False,False,True
DRIVE,37,E:\ca_apsrg_retinal_project\data\working_png\DRIVE\DRIVE\training\images\37_training.png,E:\ca_apsrg_retinal_project\data\working_png\DRIVE\DRIVE\training\1st_manual\37_manual1.png,E:\ca_apsrg_retinal_project\data\working_png\DRIVE\DRIVE\training\mask\37_training_mask.png,E:\ca_apsrg_retinal_project\outputs\method_ablation\experiments_a04_selective_hybrid_bfs\DRIVE\comparison\37_comparison.png,0.8944081061333005,0.894342080938086,-6.60251952144808e-05,0.7170334585793523,0.7167308898646833,-0.0003025687146690492,0.2779029853333795,0.2773135466870081,-0.0005894386463713985,0.9840530388968716,0.9840631223373416,1.0083440470043392e-05,0.40055973412629,0.3999,-0.0006597341262900014,0.2504374453193351,0.2499218798825073,-0.0005155654368277918,0.0159469611031283,0.0159368776626585,-1.0083440469800531e-05,0.7220970146666205,0.722686453312992,0.0005894386463715096,0.6309780121151256,0.6306883345121748,-0.0002896776029508441,0.40055973412629,0.3999,-0.0006597341262900014,True,0.0492019754738408,11178,227186,25,447.12,311.0,504.0230407431788,8,1947,2,0.08,19,0.0016997674002504,1947,0.1741814278046162,3547,0.3173197351941313,249,673,0.0702001691570341,0.1897378065971243,normal,low,normal,normal,normal,low,18,8,0,0,False,False,True
DRIVE,38,E:\ca_apsrg_retinal_project\data\working_png\DRIVE\DRIVE\training\images\38_training.png,E:\ca_apsrg_retinal_project\data\working_png\DRIVE\DRIVE\training\1st_manual\38_manual1.png,E:\ca_apsrg_retinal_project\data\working_png\DRIVE\DRIVE\training\mask\38_training_mask.png,E:\ca_apsrg_retinal_project\outputs\method_ablation\experiments_a04_selective_hybrid_bfs\DRIVE\comparison\38_comparison.png,0.8921467218332273,0.8921467218332273,0.0,0.8619098331558396,0.8619098331558396,0.0,0.1705235804333321,0.1705235804333321,0.0,0.996065679883892,0.996065679883892,0.0,0.2847175397965465,0.2847175397965465,0.0,0.1659887198769441,0.1659887198769441,0.0,0.0039343201161079,0.0039343201161079,0.0,0.8294764195666678,0.8294764195666678,0.0,0.5832946301586122,0.5832946301586122,0.0,0.2847175397965465,0.2847175397965465,0.0,True,0.0249045194143857,5634,226224,4,1408.5,443.5,1871.8491525761365,110,4637,0,0.0,0,0.0,4637,0.8230386936457224,1760,0.3123890663826766,92,300,0.0522727272727272,0.1704545454545454,low,low,conservative,conservative,low,low,8,4,0,0,False,False,True
DRIVE,39,E:\ca_apsrg_retinal_project\data\working_png\DRIVE\DRIVE\training\images\39_training.png,E:\ca_apsrg_retinal_project\data\working_png\DRIVE\DRIVE\training\1st_manual\39_manual1.png,E:\ca_apsrg_retinal_project\data\working_png\DRIVE\DRIVE\training\mask\39_training_mask.png,E:\ca_apsrg_retinal_project\outputs\method_ablation\experiments_a04_selective_hybrid_bfs\DRIVE\comparison\39_comparison.png,0.9164732260617252,0.9164204695331049,-5.2756528620356846e-05,0.7759282214745292,0.7762589502337417,0.000330728759212473,0.4637011429377733,0.4627486947932834,-0.0009524481444899147,0.9809353529671744,0.981010687452288,7.533448511365393e-05,0.5804941597297357,0.5798395473733066,-0.0006546123564291628,0.4089410154305625,0.4082915745899343,-0.0006494408406281793,0.0190646470328257,0.0189893125477118,-7.533448511390026e-05,0.5362988570622266,0.5372513052067165,0.0009524481444899147,0.7223182479524738,0.7218796911227858,-0.00043855682968796383,0.5804941597297357,0.5798395473733066,-0.0006546123564291628,True,0.0744790292798733,16941,227460,25,677.64,248.0,893.154449353526,9,3581,3,0.12,29,0.0017118233870491,3581,0.2113806741042441,5001,0.2952009916769966,283,823,0.0565886822635472,0.1645670865826834,normal,low,normal,normal,normal,low,18,8,0,0,False,False,True
DRIVE,40,E:\ca_apsrg_retinal_project\data\working_png\DRIVE\DRIVE\training\images\40_training.png,E:\ca_apsrg_retinal_project\data\working_png\DRIVE\DRIVE\training\1st_manual\40_manual1.png,E:\ca_apsrg_retinal_project\data\working_png\DRIVE\DRIVE\training\mask\40_training_mask.png,E:\ca_apsrg_retinal_project\outputs\method_ablation\experiments_a04_selective_hybrid_bfs\DRIVE\comparison\40_comparison.png,0.9212200516358702,0.9212200516358702,0.0,0.829552819183409,0.829552819183409,0.0,0.3584,0.3584,0.0,0.9908849653915852,0.9908849653915852,0.0,0.5005446775229743,0.5005446775229743,0.0,0.3338176670019745,0.3338176670019745,0.0,0.0091150346084149,0.0091150346084149,0.0,0.6416,0.6416,0.0,0.6746424826957925,0.6746424826957925,0.0,0.5005446775229743,0.5005446775229743,0.0,True,0.0475869482848255,10801,226974,13,830.8461538461538,295.0,1219.2087501044932,18,3764,0,0.0,0,0.0,3764,0.3484862512730303,3115,0.288399222294232,187,533,0.0600321027287319,0.171107544141252,normal,low,normal,normal,normal,low,18,8,0,0,False,False,True
STARE,im0001,E:\ca_apsrg_retinal_project\data\working_png\STARE\stare\pngdata\im0001.png,E:\ca_apsrg_retinal_project\data\working_png\STARE\stare\pnglabel_ah\im0001.png,,E:\ca_apsrg_retinal_project\outputs\method_ablation\experiments_a04_selective_hybrid_bfs\STARE\comparison\im0001_comparison.png,0.9247579693034238,0.9248335301062574,7.556080283355193e-05,0.5448557380090917,0.5456657065873827,0.0008099685782909649,0.3475250747063522,0.3475250747063522,0.0,0.974821722294785,0.974903836531084,8.211423629900239e-05,0.4243727080586014,0.4246181653863534,0.0002454573277519967,0.2693357180527848,0.269533490901581,0.00019777284879624046,0.025178277705215,0.0250961634689159,-8.211423629909953e-05,0.6524749252936477,0.6524749252936477,0.0,0.6611733985005687,0.6612144556187182,4.105711814950119e-05,0.4243727080586014,0.4246181653863534,0.0002454573277519967,True,0.0509043683589138,21558,423500,16,1347.375,534.5,2289.207610588214,10,9545,2,0.125,20,0.0009277298450691,9545,0.4427590685592355,5952,0.2760924018925689,350,1185,0.0588037634408602,0.1990927419354838,normal,low,normal,normal,normal,low,18,8,0,0,False,False,True
STARE,im0002,E:\ca_apsrg_retinal_project\data\working_png\STARE\stare\pngdata\im0002.png,E:\ca_apsrg_retinal_project\data\working_png\STARE\stare\pnglabel_ah\im0002.png,,E:\ca_apsrg_retinal_project\outputs\method_ablation\experiments_a04_selective_hybrid_bfs\STARE\comparison\im0002_comparison.png,0.9242172373081464,0.9242172373081464,0.0,0.2161728214859144,0.2161728214859144,0.0,0.0525084204928204,0.0525084204928204,0.0,0.986415208894623,0.986415208894623,0.0,0.0844933820173436,0.0844933820173436,0.0,0.0441102010424422,0.0441102010424422,0.0,0.0135847911053769,0.0135847911053769,0.0,0.9474915795071795,0.9474915795071795,0.0,0.5194618146937217,0.5194618146937217,0.0,0.0844933820173436,0.0844933820173436,0.0,True,0.016177095631641,6851,423500,14,489.3571428571428,57.5,884.0890878786608,8,3224,1,0.0714285714285714,8,0.0011677127426653,3224,0.4705882352941176,2243,0.3273974602247847,183,619,0.0815871600534997,0.2759696834596522,low,low,conservative,conservative,low,low,8,4,0,0,False,False,True
STARE,im0003,E:\ca_apsrg_retinal_project\data\working_png\STARE\stare\pngdata\im0003.png,E:\ca_apsrg_retinal_project\data\working_png\STARE\stare\pnglabel_ah\im0003.png,,E:\ca_apsrg_retinal_project\outputs\method_ablation\experiments_a04_selective_hybrid_bfs\STARE\comparison\im0003_comparison.png,0.9454332939787484,0.9454332939787484,0.0,0.5673493975903614,0.5673493975903614,0.0,0.3715920299861905,0.3715920299861905,0.0,0.9819617987969508,0.9819617987969508,0.0,0.4490642508046251,0.4490642508046251,0.0,0.2895440710794109,0.2895440710794109,0.0,0.018038201203049,0.018038201203049,0.0,0.6284079700138094,0.6284079700138094,0.0,0.6767769143915707,0.6767769143915707,0.0,0.4490642508046251,0.4490642508046251,0.0,True,0.0391971664698937,16600,423500,10,1660.0,1177.0,1493.631279801009,38,4566,0,0.0,0,0.0,4566,0.2750602409638554,4066,0.2449397590361445,166,653,0.0408263649778652,0.160600098376783,normal,low,normal,normal,normal,low,18,8,0,0,False,False,True
STARE,im0004,E:\ca_apsrg_retinal_project\data\working_png\STARE\stare\pngdata\im0004.png,E:\ca_apsrg_retinal_project\data\working_png\STARE\stare\pnglabel_ah\im0004.png,,E:\ca_apsrg_retinal_project\outputs\method_ablation\experiments_a04_selective_hybrid_bfs\STARE\comparison\im0004_comparison.png,0.9448075560802832,0.9448075560802832,0.0,0.8367055662832675,0.8367055662832675,0.0,0.3174390826564739,0.3174390826564739,0.0,0.9950395939863048,0.9950395939863048,0.0,0.4602595483304854,0.4602595483304854,0.0,0.2989202159568086,0.2989202159568086,0.0,0.0049604060136953,0.0049604060136953,0.0,0.6825609173435261,0.6825609173435261,0.0,0.6562393383213894,0.6562393383213894,0.0,0.4602595483304854,0.4602595483304854,0.0,True,0.028125147579693,11911,423500,7,1701.571428571429,1552.0,1027.114106492118,264,3824,0,0.0,0,0.0,3824,0.3210477709680127,3184,0.2673159264545378,166,543,0.0521356783919597,0.1705402010050251,normal,low,normal,normal,normal,low,18,8,0,0,False,False,True
STARE,im0005,E:\ca_apsrg_retinal_project\data\working_png\STARE\stare\pngdata\im0005.png,E:\ca_apsrg_retinal_project\data\working_png\STARE\stare\pnglabel_ah\im0005.png,,E:\ca_apsrg_retinal_project\outputs\method_ablation\experiments_a04_selective_hybrid_bfs\STARE\comparison\im0005_comparison.png,0.922094451003542,0.9220897284533648,-4.7225501772496514e-06,0.6124786324786324,0.6125898664840808,0.00011123400544832407,0.3746242517709177,0.3741798886478291,-0.00044436312308859804,0.976461609944892,0.9765005464083708,3.893646347885582e-05,0.4648944969752015,0.4645841784989858,-0.0003103184762157096,0.3028420496566297,0.302578735996618,-0.0002633136600116992,0.023538390055108,0.0234994535916291,-3.8936463478900923e-05,0.6253757482290823,0.6258201113521709,0.00044436312308859804,0.6755429308579048,0.6753402175281,-0.0002027133298048156,0.4648944969752015,0.4645841784989858,-0.0003103184762157096,True,0.0552538370720188,23400,423500,17,1376.470588235294,166.0,2861.914170572413,15,11511,0,0.0,0,0.0,11511,0.4919230769230769,6617,0.2827777777777778,367,1200,0.0554632008463049,0.1813510654375094,normal,low,normal,normal,normal,low,18,8,0,0,False,False,True
STARE,im0044,E:\ca_apsrg_retinal_project\data\working_png\STARE\stare\pngdata\im0044.png,E:\ca_apsrg_retinal_project\data\working_png\STARE\stare\pnglabel_ah\im0044.png,,E:\ca_apsrg_retinal_project\outputs\method_ablation\experiments_a04_selective_hybrid_bfs\STARE\comparison\im0044_comparison.png,0.944835891381346,0.944835891381346,0.0,0.6079853531441448,0.6079853531441448,0.0,0.5854353132628153,0.5854353132628153,0.0,0.9717414036405722,0.9717414036405722,0.0,0.5964972883346575,0.5964972883346575,0.0,0.4250061530888506,0.4250061530888506,0.0,0.0282585963594278,0.0282585963594278,0.0,0.4145646867371847,0.4145646867371847,0.0,0.7785883584516937,0.7785883584516937,0.0,0.5964972883346575,0.5964972883346575,0.0,True,0.067064935064935,28402,423500,13,2184.769230769231,968.0,3459.5869507532952,141,13154,0,0.0,0,0.0,13154,0.4631363988451517,7187,0.2530455601718189,337,1354,0.0468902184499791,0.1883957144844859,normal,low,normal,normal,normal,low,18,8,0,0,False,False,True
STARE,im0077,E:\ca_apsrg_retinal_project\data\working_png\STARE\stare\pngdata\im0077.png,E:\ca_apsrg_retinal_project\data\working_png\STARE\stare\pnglabel_ah\im0077.png,,E:\ca_apsrg_retinal_project\outputs\method_ablation\experiments_a04_selective_hybrid_bfs\STARE\comparison\im0077_comparison.png,0.9493648170011806,0.9493600944510036,-4.722550177027607e-06,0.7747197186194769,0.7748932987195847,0.00017358010010781744,0.519165610913055,0.5188709819981733,-0.0002946289148817449,0.9868466650751234,0.9868672011171606,2.053604203722248e-05,0.6217055357583883,0.6215500811745606,-0.00015545458382770772,0.4510687316011775,0.450905087436311,-0.00016364416486647215,0.0131533349248765,0.0131327988828393,-2.0536042037199928e-05,0.480834389086945,0.4811290180018267,0.0002946289148817449,0.7530061379940892,0.752869091557667,-0.0001370464364222057,0.6217055357583883,0.6215500811745606,-0.00015545458382770772,True,0.05370720188902,22745,423500,24,947.7083333333334,252.5,2016.7761501789323,8,8538,2,0.0833333333333333,18,0.0007913827214772,8538,0.3753792042207078,6806,0.2992306001318971,304,1026,0.0446664707610931,0.1507493388186894,normal,low,normal,normal,normal,low,18,8,0,0,False,False,True
STARE,im0081,E:\ca_apsrg_retinal_project\data\working_png\STARE\stare\pngdata\im0081.png,E:\ca_apsrg_retinal_project\data\working_png\STARE\stare\pnglabel_ah\im0081.png,,E:\ca_apsrg_retinal_project\outputs\method_ablation\experiments_a04_selective_hybrid_bfs\STARE\comparison\im0081_comparison.png,0.944125147579693,0.94414639905549,2.125147579701281e-05,0.6403459230497706,0.6405494156279793,0.00020349257820873046,0.5738099003637513,0.5738099003637513,0.0,0.9740000255176902,0.974022991438815,2.296592112482898e-05,0.6052548169155059,0.605345702082221,9.088516671518221e-05,0.4339536886422352,0.4340471348247398,9.344618250456405e-05,0.0259999744823098,0.025977008561185,-2.2965921124797756e-05,0.4261900996362486,0.4261900996362486,0.0,0.7739049629407208,0.7739164459012832,1.148296056241449e-05,0.6052548169155059,0.605345702082221,9.088516671518221e-05,True,0.0668949232585596,28330,423500,13,2179.230769230769,325.0,4199.38715590824,9,14686,1,0.0769230769230769,9,0.0003176844334627,14686,0.5183903988704553,7877,0.2780444758206848,390,1396,0.0495112352418433,0.177224831788752,normal,low,normal,normal,normal,low,18,8,0,0,False,False,True
STARE,im0082,E:\ca_apsrg_retinal_project\data\working_png\STARE\stare\pngdata\im0082.png,E:\ca_apsrg_retinal_project\data\working_png\STARE\stare\pnglabel_ah\im0082.png,,E:\ca_apsrg_retinal_project\outputs\method_ablation\experiments_a04_selective_hybrid_bfs\STARE\comparison\im0082_comparison.png,0.9454710743801652,0.9454946871310508,2.3612750885582123e-05,0.9072789603763056,0.9091127290183216,0.0018337686420160093,0.3416391474031822,0.3411287901531071,-0.0005103572500750886,0.9970194008047362,0.9970885978625798,6.91970578435841e-05,0.4963688308289534,0.4961033857975507,-0.00026544503140268905,0.3301134220984538,0.3298786506415839,-0.00023477145686989775,0.0029805991952638,0.0029114021374202,-6.919705784360014e-05,0.6583608525968178,0.6588712098468928,0.0005103572500750886,0.6693292741039591,0.6691086940078435,-0.00022058009611569673,0.4963688308289534,0.4961033857975507,-0.00026544503140268905,True,0.0296174734356552,12543,423500,18,696.8333333333334,87.5,1315.018852843309,10,3928,3,0.1666666666666666,32,0.0025512237901618,3928,0.3131627202423662,3494,0.2785617475882962,178,478,0.0509444762449914,0.1368059530623926,normal,low,normal,normal,normal,low,18,8,0,0,False,False,True
STARE,im0139,E:\ca_apsrg_retinal_project\data\working_png\STARE\stare\pngdata\im0139.png,E:\ca_apsrg_retinal_project\data\working_png\STARE\stare\pnglabel_ah\im0139.png,,E:\ca_apsrg_retinal_project\outputs\method_ablation\experiments_a04_selective_hybrid_bfs\STARE\comparison\im0139_comparison.png,0.9410979929161748,0.9411216056670602,2.361275088536008e-05,0.6981041829724324,0.698425128338989,0.0003209453665565798,0.4714155680183222,0.4713862054790498,-2.936253927238175e-05,0.9821719738190184,0.9822002192875464,2.824546852797649e-05,0.5627902900709841,0.5628736216538401,8.33315828560055e-05,0.3915853658536585,0.3916660567469321,8.069089327361612e-05,0.0178280261809815,0.0177997807124534,-2.8245468528101392e-05,0.5285844319816778,0.5286137945209501,2.9362539272326238e-05,0.7267937709186704,0.7267932123832982,-5.585353721748731e-07,0.5627902900709841,0.5628736216538401,8.33315828560055e-05,True,0.0543046044864226,22998,423500,7,3285.428571428572,1302.0,4925.086681097758,12,14889,0,0.0,0,0.0,14889,0.6474041220975737,6354,0.2762848943386381,228,974,0.0358829084041548,0.1532892666037142,normal,low,normal,normal,normal,low,18,8,0,0,False,False,True
STARE,im0162,E:\ca_apsrg_retinal_project\data\working_png\STARE\stare\pngdata\im0162.png,E:\ca_apsrg_retinal_project\data\working_png\STARE\stare\pnglabel_ah\im0162.png,,E:\ca_apsrg_retinal_project\outputs\method_ablation\experiments_a04_selective_hybrid_bfs\STARE\comparison\im0162_comparison.png,0.9409020070838252,0.9409090909090908,7.083825265596921e-06,0.5889871493712865,0.5890666574518816,7.950808059509207e-05,0.5649436713055004,0.5648442677269715,-9.940357852888937e-05,0.9697498220278652,0.9697650767822638,1.5254754398563719e-05,0.5767149235556758,0.5767012297231009,-1.3693832574879217e-05,0.4051998669138267,0.4051863472142993,-1.3519699527397844e-05,0.0302501779721346,0.0302349232177361,-1.5254754398501269e-05,0.4350563286944996,0.4351557322730285,9.940357852888937e-05,0.7673467466666828,0.7673046722546176,-4.2074412065162825e-05,0.5767149235556758,0.5767012297231009,-1.3693832574879217e-05,True,0.0683541912632821,28948,423500,14,2067.714285714286,251.5,3392.851717288895,9,11916,1,0.0714285714285714,9,0.000310902307586,11916,0.4116346552438856,9393,0.3244783750172723,449,1587,0.0478015543489832,0.1689556052379431,normal,low,normal,normal,normal,low,18,8,0,0,False,False,True
STARE,im0163,E:\ca_apsrg_retinal_project\data\working_png\STARE\stare\pngdata\im0163.png,E:\ca_apsrg_retinal_project\data\working_png\STARE\stare\pnglabel_ah\im0163.png,,E:\ca_apsrg_retinal_project\outputs\method_ablation\experiments_a04_selective_hybrid_bfs\STARE\comparison\im0163_comparison.png,0.9511050767414404,0.9511050767414404,0.0,0.7234674187323734,0.7234674187323734,0.0,0.5952795334493604,0.5952795334493604,0.0,0.9809289339192168,0.9809289339192168,0.0,0.6531432687314696,0.6531432687314696,0.0,0.4849389349053553,0.4849389349053553,0.0,0.0190710660807833,0.0190710660807833,0.0,0.4047204665506397,0.4047204665506397,0.0,0.7881042336842885,0.7881042336842885,0.0,0.6531432687314696,0.6531432687314696,0.0,True,0.0636316410861865,26948,423500,14,1924.857142857143,793.0,3707.115510496437,37,14918,0,0.0,0,0.0,14918,0.5535846816090247,7489,0.2779055959625946,298,1092,0.039791694485245,0.1458138603284818,normal,low,normal,normal,normal,low,18,8,0,0,False,False,True
STARE,im0235,E:\ca_apsrg_retinal_project\data\working_png\STARE\stare\pngdata\im0235.png,E:\ca_apsrg_retinal_project\data\working_png\STARE\stare\pnglabel_ah\im0235.png,,E:\ca_apsrg_retinal_project\outputs\method_ablation\experiments_a04_selective_hybrid_bfs\STARE\comparison\im0235_comparison.png,0.9175844155844156,0.9175844155844156,0.0,0.7800240192153723,0.7800240192153723,0.0,0.1033659584626402,0.1033659584626402,0.0,0.9971513663850864,0.9971513663850864,0.0,0.1825420989765089,0.1825420989765089,0.0,0.1004381443298969,0.1004381443298969,0.0,0.0028486336149134,0.0028486336149134,0.0,0.8966340415373597,0.8966340415373597,0.0,0.5502586624238633,0.5502586624238633,0.0,0.1825420989765089,0.1825420989765089,0.0,True,0.0117969303423848,4996,423500,2,2498.0,2498.0,1751.0,747,4249,0,0.0,0,0.0,4249,0.850480384307446,1343,0.2688150520416333,55,282,0.0409530900967982,0.2099776619508563,low,low,conservative,conservative,low,low,8,4,0,0,False,False,True
STARE,im0236,E:\ca_apsrg_retinal_project\data\working_png\STARE\stare\pngdata\im0236.png,E:\ca_apsrg_retinal_project\data\working_png\STARE\stare\pnglabel_ah\im0236.png,,E:\ca_apsrg_retinal_project\outputs\method_ablation\experiments_a04_selective_hybrid_bfs\STARE\comparison\im0236_comparison.png,0.9430295159386068,0.9430295159386068,0.0,0.8059938943113901,0.8059938943113901,0.0,0.4886600625651721,0.4886600625651721,0.0,0.9882847795606792,0.9882847795606792,0.0,0.6084359835759612,0.6084359835759612,0.0,0.4372317596566523,0.4372317596566523,0.0,0.0117152204393207,0.0117152204393207,0.0,0.511339937434828,0.511339937434828,0.0,0.7384724210629257,0.7384724210629257,0.0,0.6084359835759612,0.6084359835759612,0.0,True,0.0549161747343565,23257,423500,15,1550.4666666666667,581.0,2599.28695008629,36,8095,0,0.0,0,0.0,8095,0.3480672485703229,6336,0.2724341058606011,264,1068,0.0416666666666666,0.168560606060606,normal,low,normal,normal,normal,low,18,8,0,0,False,False,True
STARE,im0239,E:\ca_apsrg_retinal_project\data\working_png\STARE\stare\pngdata\im0239.png,E:\ca_apsrg_retinal_project\data\working_png\STARE\stare\pnglabel_ah\im0239.png,,E:\ca_apsrg_retinal_project\outputs\method_ablation\experiments_a04_selective_hybrid_bfs\STARE\comparison\im0239_comparison.png,0.9317733175914994,0.9317733175914994,0.0,0.7818902842035691,0.7818902842035691,0.0,0.291132317956851,0.291132317956851,0.0,0.9923241731687208,0.9923241731687208,0.0,0.4242846895672272,0.4242846895672272,0.0,0.2692648137376394,0.2692648137376394,0.0,0.0076758268312791,0.0076758268312791,0.0,0.708867682043149,0.708867682043149,0.0,0.641728245562786,0.641728245562786,0.0,0.4242846895672272,0.4242846895672272,0.0,True,0.0321534828807556,13617,423500,12,1134.75,319.5,2205.5974294583616,21,8104,0,0.0,0,0.0,8104,0.5951384299037967,3390,0.2489535139898656,171,553,0.0504424778761061,0.1631268436578171,normal,low,normal,normal,normal,low,18,8,0,0,False,False,True
STARE,im0240,E:\ca_apsrg_retinal_project\data\working_png\STARE\stare\pngdata\im0240.png,E:\ca_apsrg_retinal_project\data\working_png\STARE\stare\pnglabel_ah\im0240.png,,E:\ca_apsrg_retinal_project\outputs\method_ablation\experiments_a04_selective_hybrid_bfs\STARE\comparison\im0240_comparison.png,0.9277308146399056,0.9277308146399056,0.0,0.792645083599648,0.792645083599648,0.0,0.3957634761695534,0.3957634761695534,0.0,0.9882263837352108,0.9882263837352108,0.0,0.5279328747262239,0.5279328747262239,0.0,0.3586336965632858,0.3586336965632858,0.0,0.0117736162647893,0.0117736162647893,0.0,0.6042365238304466,0.6042365238304466,0.0,0.691994929952382,0.691994929952382,0.0,0.5279328747262239,0.5279328747262239,0.0,True,0.0509822904368358,21591,423500,13,1660.8461538461538,584.0,2894.498411340804,19,11060,0,0.0,0,0.0,11060,0.5122504747348432,5080,0.2352832198601269,250,900,0.0492125984251968,0.1771653543307086,normal,low,normal,normal,normal,low,18,8,0,0,False,False,True
STARE,im0255,E:\ca_apsrg_retinal_project\data\working_png\STARE\stare\pngdata\im0255.png,E:\ca_apsrg_retinal_project\data\working_png\STARE\stare\pnglabel_ah\im0255.png,,E:\ca_apsrg_retinal_project\outputs\method_ablation\experiments_a04_selective_hybrid_bfs\STARE\comparison\im0255_comparison.png,0.9419149940968122,0.9419291617473436,1.4167650531415887e-05,0.843595041322314,0.844212268542464,0.0006172272201500073,0.4308893755111732,0.4306255441521779,-0.0002638313589952701,0.992147241809454,0.9921887359082152,4.1494098761196696e-05,0.5704206904982275,0.5703303806978004,-9.030980042712411e-05,0.3990129730522098,0.3989245997800317,-8.837327217808832e-05,0.007852758190546,0.0078112640917849,-4.149409876110042e-05,0.5691106244888268,0.5693744558478221,0.0002638313589953256,0.7115183086603136,0.7114071400301964,-0.00011116863011717548,0.5704206904982275,0.5703303806978004,-9.030980042712411e-05,True,0.0457142857142857,19360,423500,17,1138.8235294117646,124.0,2524.454471885528,12,10012,0,0.0,0,0.0,10012,0.5171487603305785,6212,0.3208677685950413,264,840,0.0424983902124919,0.1352221506761107,normal,low,normal,normal,normal,low,18,8,0,0,False,False,True
STARE,im0291,E:\ca_apsrg_retinal_project\data\working_png\STARE\stare\pngdata\im0291.png,E:\ca_apsrg_retinal_project\data\working_png\STARE\stare\pnglabel_ah\im0291.png,,E:\ca_apsrg_retinal_project\outputs\method_ablation\experiments_a04_selective_hybrid_bfs\STARE\comparison\im0291_comparison.png,0.955034238488784,0.955034238488784,0.0,0.5395030105452248,0.5395030105452248,0.0,0.7572135586889532,0.7572135586889532,0.0,0.9655716993051168,0.9655716993051168,0.0,0.6300821694283105,0.6300821694283105,0.0,0.4599415785145061,0.4599415785145061,0.0,0.0344283006948831,0.0344283006948831,0.0,0.2427864413110468,0.2427864413110468,0.0,0.8613926289970351,0.8613926289970351,0.0,0.6300821694283105,0.6300821694283105,0.0,True,0.0709822904368358,30061,423500,1,30061.0,30061.0,0.0,30061,30061,0,0.0,0,0.0,30061,1.0,6913,0.2299657363361165,319,1240,0.0461449443078258,0.179372197309417,normal,low,normal,normal,normal,low,18,8,0,0,False,False,True
STARE,im0319,E:\ca_apsrg_retinal_project\data\working_png\STARE\stare\pngdata\im0319.png,E:\ca_apsrg_retinal_project\data\working_png\STARE\stare\pnglabel_ah\im0319.png,,E:\ca_apsrg_retinal_project\outputs\method_ablation\experiments_a04_selective_hybrid_bfs\STARE\comparison\im0319_comparison.png,0.9662479338842976,0.9662479338842976,0.0,0.6822585109327429,0.6822585109327429,0.0,0.4053165250753631,0.4053165250753631,0.0,0.9915016471110782,0.9915016471110782,0.0,0.5085270251684775,0.5085270251684775,0.0,0.3409562451012033,0.3409562451012033,0.0,0.0084983528889217,0.0084983528889217,0.0,0.5946834749246369,0.5946834749246369,0.0,0.6984090860932206,0.6984090860932206,0.0,0.5085270251684775,0.5085270251684775,0.0,True,0.0255938606847697,10839,423500,5,2167.8,1760.0,1907.8146031519937,199,5039,0,0.0,0,0.0,5039,0.4648952855429468,2678,0.2470707629855152,129,394,0.0481702763256161,0.1471247199402539,normal,low,normal,normal,normal,low,18,8,0,0,False,False,True
STARE,im0324,E:\ca_apsrg_retinal_project\data\working_png\STARE\stare\pngdata\im0324.png,E:\ca_apsrg_retinal_project\data\working_png\STARE\stare\pnglabel_ah\im0324.png,,E:\ca_apsrg_retinal_project\outputs\method_ablation\experiments_a04_selective_hybrid_bfs\STARE\comparison\im0324_comparison.png,0.9364014167650532,0.9364014167650532,0.0,0.5263471389429377,0.5263471389429377,0.0,0.4690209122111744,0.4690209122111744,0.0,0.9698207919765004,0.9698207919765004,0.0,0.4960332310455804,0.4960332310455804,0.0,0.3298166164870985,0.3298166164870985,0.0,0.0301792080234997,0.0301792080234997,0.0,0.5309790877888256,0.5309790877888256,0.0,0.7194208520938373,0.7194208520938373,0.0,0.4960332310455804,0.4960332310455804,0.0,True,0.0594639905548996,25183,423500,4,6295.75,3561.0,6618.763040591497,562,17499,0,0.0,0,0.0,17499,0.6948735257912083,6622,0.2629551681690029,312,1313,0.0471156750226517,0.1982784657203261,normal,low,normal,normal,normal,low,18,8,0,0,False,False,True
