comparison,left_experiment,right_experiment,dataset,output_method,metric,n_pairs,mean_delta,median_delta,std_delta,wins,ties,losses,wilcoxon_statistic,wilcoxon_p_value,bootstrap_mean_ci_low,bootstrap_mean_ci_high
r01_selective35_bfs_to_r02_selective77_radius1_bfs,r01_selective35_bfs,r02_selective77_radius1_bfs,CHASEDB1,APSRG,accuracy,28,0.002271877532294222,0.002568193193193291,0.003980475037634679,20,0,8,92.0,0.01025690883398056,0.0007794485333547658,0.003673385997604791
r01_selective35_bfs_to_r02_selective77_radius1_bfs,r01_selective35_bfs,r02_selective77_radius1_bfs,DRIVE,APSRG,accuracy,20,0.004652179932056794,0.003621324603081455,0.004725197795306404,16,0,4,14.0,0.000209808349609375,0.0026672932060252614,0.0065953803854984635
r01_selective35_bfs_to_r02_selective77_radius1_bfs,r01_selective35_bfs,r02_selective77_radius1_bfs,STARE,APSRG,accuracy,20,0.0010896103896104125,0.00012396694214888981,0.006028778652406991,10,0,10,98.0,0.7938214901244397,-0.0012701977567886502,0.003930832349468732
r01_selective35_bfs_to_r02_selective77_radius1_bfs,r01_selective35_bfs,r02_selective77_radius1_bfs,CHASEDB1,APSRG,precision,28,-0.02628157433592473,-0.023349520283611813,0.052142684790531746,6,0,22,87.0,0.007071197032928467,-0.04592109057529706,-0.007515527797336672
r01_selective35_bfs_to_r02_selective77_radius1_bfs,r01_selective35_bfs,r02_selective77_radius1_bfs,DRIVE,APSRG,precision,20,-0.006245798162708682,-0.018326725681009626,0.06645176628871106,9,0,11,94.0,0.7011814117431641,-0.03313718294769637,0.023076846021065654
r01_selective35_bfs_to_r02_selective77_radius1_bfs,r01_selective35_bfs,r02_selective77_radius1_bfs,STARE,APSRG,precision,20,-0.015363965299466792,-0.0230757893354272,0.05956276202661937,6,0,14,68.0,0.17685317993164062,-0.04014616365589154,0.01061977376799984
r01_selective35_bfs_to_r02_selective77_radius1_bfs,r01_selective35_bfs,r02_selective77_radius1_bfs,CHASEDB1,APSRG,recall,28,0.09504356955887314,0.09300357939098605,0.04841194558427641,28,0,0,0.0,7.450580596923828e-09,0.07743901501435924,0.11290122718098265
r01_selective35_bfs_to_r02_selective77_radius1_bfs,r01_selective35_bfs,r02_selective77_radius1_bfs,DRIVE,APSRG,recall,20,0.06926508936075074,0.06334418523564689,0.08512542796688184,16,0,4,28.0,0.002712249755859375,0.03478166514481075,0.10640263587529328
r01_selective35_bfs_to_r02_selective77_radius1_bfs,r01_selective35_bfs,r02_selective77_radius1_bfs,STARE,APSRG,recall,20,0.06472314625177793,0.04036176299642777,0.11599613741381488,16,0,4,37.0,0.009435653686523438,0.019399236972590186,0.1174024280505889
r01_selective35_bfs_to_r02_selective77_radius1_bfs,r01_selective35_bfs,r02_selective77_radius1_bfs,CHASEDB1,APSRG,specificity,28,-0.0048197831534634505,-0.004265721585702376,0.0031612442494046477,3,0,25,6.0,1.043081283569336e-07,-0.005953216667952894,-0.0036084570060456547
r01_selective35_bfs_to_r02_selective77_radius1_bfs,r01_selective35_bfs,r02_selective77_radius1_bfs,DRIVE,APSRG,specificity,20,-0.00418742130296304,-0.004462011127542742,0.008444587631217054,5,0,15,52.0,0.04844093322753906,-0.007675043844986372,-0.0006483860296023455
r01_selective35_bfs_to_r02_selective77_radius1_bfs,r01_selective35_bfs,r02_selective77_radius1_bfs,STARE,APSRG,specificity,20,-0.004059750846488147,-0.005050135357396401,0.006826340997344086,4,0,16,43.0,0.01923370361328125,-0.006899385899555352,-0.0010334359658850565
r01_selective35_bfs_to_r02_selective77_radius1_bfs,r01_selective35_bfs,r02_selective77_radius1_bfs,CHASEDB1,APSRG,f1_score,28,0.07503341988542875,0.08006617511027112,0.052907406620597196,25,0,3,11.0,4.0978193283081055e-07,0.05542004970997184,0.0935250601032342
r01_selective35_bfs_to_r02_selective77_radius1_bfs,r01_selective35_bfs,r02_selective77_radius1_bfs,DRIVE,APSRG,f1_score,20,0.05847968748582351,0.06718400072486116,0.06564459639378904,17,0,3,22.0,0.0010166168212890625,0.030973591998016938,0.08794450273833075
r01_selective35_bfs_to_r02_selective77_radius1_bfs,r01_selective35_bfs,r02_selective77_radius1_bfs,STARE,APSRG,f1_score,20,0.04562682748423531,0.030243636996954038,0.09355763883333766,13,0,7,41.0,0.01531219482421875,0.01099519911526387,0.08891115235569419
r01_selective35_bfs_to_r02_selective77_radius1_bfs,r01_selective35_bfs,r02_selective77_radius1_bfs,CHASEDB1,APSRG,iou,28,0.06354680964859452,0.06680948678918797,0.04346354678473212,25,0,3,11.0,4.0978193283081055e-07,0.047760517291590664,0.07885118007168761
r01_selective35_bfs_to_r02_selective77_radius1_bfs,r01_selective35_bfs,r02_selective77_radius1_bfs,DRIVE,APSRG,iou,20,0.051037902389530286,0.05910368118175294,0.05683336736287075,17,0,3,22.0,0.0010166168212890625,0.027975828863714122,0.07681368742293718
r01_selective35_bfs_to_r02_selective77_radius1_bfs,r01_selective35_bfs,r02_selective77_radius1_bfs,STARE,APSRG,iou,20,0.039803415915831655,0.030316335453618254,0.08050899200418395,13,0,7,43.0,0.01923370361328125,0.008387424693170251,0.078486352251658
r01_selective35_bfs_to_r02_selective77_radius1_bfs,r01_selective35_bfs,r02_selective77_radius1_bfs,CHASEDB1,APSRG,balanced_accuracy,28,0.045111893202704874,0.042173952894545064,0.02388596366437005,28,0,0,0.0,7.450580596923828e-09,0.03639409201622433,0.05324691756106894
r01_selective35_bfs_to_r02_selective77_radius1_bfs,r01_selective35_bfs,r02_selective77_radius1_bfs,DRIVE,APSRG,balanced_accuracy,20,0.032538834028893834,0.030219490359440382,0.03899551481471341,16,0,4,26.0,0.0019855499267578125,0.016667081034848704,0.04941856676880083
r01_selective35_bfs_to_r02_selective77_radius1_bfs,r01_selective35_bfs,r02_selective77_radius1_bfs,STARE,APSRG,balanced_accuracy,20,0.030331697702644912,0.019793957671973783,0.0555180948071561,16,0,4,37.0,0.009435653686523438,0.008680397561253066,0.056397448033699886
r01_selective35_bfs_to_r02_selective77_radius1_bfs,r01_selective35_bfs,r02_selective77_radius1_bfs,CHASEDB1,APSRG,dice,28,0.07503341988542875,0.08006617511027112,0.052907406620597196,25,0,3,11.0,4.0978193283081055e-07,0.05457585192020811,0.09420721143051507
r01_selective35_bfs_to_r02_selective77_radius1_bfs,r01_selective35_bfs,r02_selective77_radius1_bfs,DRIVE,APSRG,dice,20,0.05847968748582351,0.06718400072486116,0.06564459639378904,17,0,3,22.0,0.0010166168212890625,0.03093364693488531,0.08812102267109877
r01_selective35_bfs_to_r02_selective77_radius1_bfs,r01_selective35_bfs,r02_selective77_radius1_bfs,STARE,APSRG,dice,20,0.04562682748423531,0.030243636996954038,0.09355763883333766,13,0,7,41.0,0.01531219482421875,0.010567280805883556,0.09000698899674801
r01_selective35_bfs_to_r02_selective77_radius1_bfs,r01_selective35_bfs,r02_selective77_radius1_bfs,CHASEDB1,CA-APSRG,accuracy,28,0.002277500715000741,0.002563501001001056,0.0039789897606427255,20,0,8,92.0,0.01025690883398056,0.0008061679611158921,0.0036648590554840582
r01_selective35_bfs_to_r02_selective77_radius1_bfs,r01_selective35_bfs,r02_selective77_radius1_bfs,DRIVE,CA-APSRG,accuracy,20,0.0046618410805646885,0.0036213246030815105,0.004720469187060998,16,0,4,15.0,0.0002613067626953125,0.0027524934863695934,0.006802003766322783
r01_selective35_bfs_to_r02_selective77_radius1_bfs,r01_selective35_bfs,r02_selective77_radius1_bfs,STARE,CA-APSRG,accuracy,20,0.00109279811097997,0.00012278630460460516,0.006026023532292999,10,0,10,99.0,0.8227452173339953,-0.0012289374262100903,0.0038674881936245904
r01_selective35_bfs_to_r02_selective77_radius1_bfs,r01_selective35_bfs,r02_selective77_radius1_bfs,CHASEDB1,CA-APSRG,precision,28,-0.0262240553875016,-0.023116310462765355,0.0521632776086568,6,0,22,87.0,0.007071197032928467,-0.04493058536714193,-0.0076917772577656494
r01_selective35_bfs_to_r02_selective77_radius1_bfs,r01_selective35_bfs,r02_selective77_radius1_bfs,DRIVE,CA-APSRG,precision,20,-0.006329798047201804,-0.018429399045524986,0.06630888232871816,9,0,11,94.0,0.7011814117431641,-0.033616533792690674,0.022058107862861196
r01_selective35_bfs_to_r02_selective77_radius1_bfs,r01_selective35_bfs,r02_selective77_radius1_bfs,STARE,CA-APSRG,precision,20,-0.015364838500799482,-0.023397830252909146,0.05947744331183525,6,0,14,68.0,0.17685317993164062,-0.04004560417540314,0.01101806030781343
r01_selective35_bfs_to_r02_selective77_radius1_bfs,r01_selective35_bfs,r02_selective77_radius1_bfs,CHASEDB1,CA-APSRG,recall,28,0.09504394346449609,0.09289690834807149,0.04841588555071127,28,0,0,0.0,7.450580596923828e-09,0.07745918372486593,0.11267683661624943
r01_selective35_bfs_to_r02_selective77_radius1_bfs,r01_selective35_bfs,r02_selective77_radius1_bfs,DRIVE,CA-APSRG,recall,20,0.0694322597077985,0.06318727096462151,0.08499722019230858,16,0,4,28.0,0.002712249755859375,0.03311820327194828,0.106030969404925
r01_selective35_bfs_to_r02_selective77_radius1_bfs,r01_selective35_bfs,r02_selective77_radius1_bfs,STARE,CA-APSRG,recall,20,0.06475065295932177,0.04036176299642777,0.11597869271614716,16,0,4,37.0,0.009435653686523438,0.016447678086980583,0.11579769959466091
r01_selective35_bfs_to_r02_selective77_radius1_bfs,r01_selective35_bfs,r02_selective77_radius1_bfs,CHASEDB1,CA-APSRG,specificity,28,-0.004813906083801357,-0.0042481906237615275,0.0031599858852274943,3,0,25,6.0,1.043081283569336e-07,-0.0059716161932033465,-0.0036524456497452206
r01_selective35_bfs_to_r02_selective77_radius1_bfs,r01_selective35_bfs,r02_selective77_radius1_bfs,DRIVE,CA-APSRG,specificity,20,-0.004199337349648646,-0.0045010776913914086,0.008423282435435367,5,0,15,52.0,0.04844093322753906,-0.00776810024203587,-0.0006116956867969148
r01_selective35_bfs_to_r02_selective77_radius1_bfs,r01_selective35_bfs,r02_selective77_radius1_bfs,STARE,CA-APSRG,specificity,20,-0.0040585864667952,-0.005050135357396401,0.0068185056022528456,4,0,16,43.0,0.01923370361328125,-0.006854425462688624,-0.0010532424744765674
r01_selective35_bfs_to_r02_selective77_radius1_bfs,r01_selective35_bfs,r02_selective77_radius1_bfs,CHASEDB1,CA-APSRG,f1_score,28,0.07505953820692193,0.08008534000778636,0.052906229707947554,25,0,3,11.0,4.0978193283081055e-07,0.05498604656225908,0.0942101629203479
r01_selective35_bfs_to_r02_selective77_radius1_bfs,r01_selective35_bfs,r02_selective77_radius1_bfs,DRIVE,CA-APSRG,f1_score,20,0.05863216503818217,0.06754990286336629,0.06557712480473696,17,0,3,22.0,0.0010166168212890625,0.031378861384468486,0.08690510579138817
r01_selective35_bfs_to_r02_selective77_radius1_bfs,r01_selective35_bfs,r02_selective77_radius1_bfs,STARE,CA-APSRG,f1_score,20,0.04565369128514258,0.03032136428886789,0.0935483742238836,13,0,7,41.0,0.01531219482421875,0.010844993839292454,0.08895714995038516
r01_selective35_bfs_to_r02_selective77_radius1_bfs,r01_selective35_bfs,r02_selective77_radius1_bfs,CHASEDB1,CA-APSRG,iou,28,0.06357113774978121,0.06675318424462137,0.04345961189833877,25,0,3,11.0,4.0978193283081055e-07,0.04770309135838818,0.07888658139770333
r01_selective35_bfs_to_r02_selective77_radius1_bfs,r01_selective35_bfs,r02_selective77_radius1_bfs,DRIVE,CA-APSRG,iou,20,0.05117360420322183,0.05904576709094009,0.05676897799935291,17,0,3,23.0,0.001209259033203125,0.0280897669650481,0.07564835678066177
r01_selective35_bfs_to_r02_selective77_radius1_bfs,r01_selective35_bfs,r02_selective77_radius1_bfs,STARE,CA-APSRG,iou,20,0.039831122123498416,0.030380021935559,0.08050282789966459,13,0,7,43.0,0.01923370361328125,0.00855807812685645,0.07712785002945033
r01_selective35_bfs_to_r02_selective77_radius1_bfs,r01_selective35_bfs,r02_selective77_radius1_bfs,CHASEDB1,CA-APSRG,balanced_accuracy,28,0.0451150186903474,0.04211891727905648,0.02388726113581665,28,0,0,0.0,7.450580596923828e-09,0.036588572739597064,0.05395668886532834
r01_selective35_bfs_to_r02_selective77_radius1_bfs,r01_selective35_bfs,r02_selective77_radius1_bfs,DRIVE,CA-APSRG,balanced_accuracy,20,0.03261646117907493,0.030135980068821344,0.038939394005709796,16,0,4,26.0,0.0019855499267578125,0.01659884207638787,0.049577773465511614
r01_selective35_bfs_to_r02_selective77_radius1_bfs,r01_selective35_bfs,r02_selective77_radius1_bfs,STARE,CA-APSRG,balanced_accuracy,20,0.03034603324626331,0.019793957671973783,0.0555105365142286,16,0,4,37.0,0.009435653686523438,0.008479802186367099,0.05605803999962444
r01_selective35_bfs_to_r02_selective77_radius1_bfs,r01_selective35_bfs,r02_selective77_radius1_bfs,CHASEDB1,CA-APSRG,dice,28,0.07505953820692193,0.08008534000778636,0.052906229707947554,25,0,3,11.0,4.0978193283081055e-07,0.05563074461758797,0.09319812527110914
r01_selective35_bfs_to_r02_selective77_radius1_bfs,r01_selective35_bfs,r02_selective77_radius1_bfs,DRIVE,CA-APSRG,dice,20,0.05863216503818217,0.06754990286336629,0.06557712480473696,17,0,3,22.0,0.0010166168212890625,0.031136889520185,0.08740351738827
r01_selective35_bfs_to_r02_selective77_radius1_bfs,r01_selective35_bfs,r02_selective77_radius1_bfs,STARE,CA-APSRG,dice,20,0.04565369128514258,0.03032136428886789,0.0935483742238836,13,0,7,41.0,0.01531219482421875,0.0109207560262002,0.08995677171080486
r02_selective77_radius1_bfs_to_r03_edge_region_mean,r02_selective77_radius1_bfs,r03_edge_region_mean,CHASEDB1,APSRG,accuracy,28,-0.009161468015634685,-0.009324428595262002,0.004791139607034773,1,0,27,2.0,2.2351741790771484e-08,-0.010902872738810252,-0.007428962630785546
r02_selective77_radius1_bfs_to_r03_edge_region_mean,r02_selective77_radius1_bfs,r03_edge_region_mean,DRIVE,APSRG,accuracy,20,-0.021091524334967256,-0.020842980117736498,0.010368789273201649,1,0,19,2.0,5.7220458984375e-06,-0.0253000209059399,-0.016505331669526894
r02_selective77_radius1_bfs_to_r03_edge_region_mean,r02_selective77_radius1_bfs,r03_edge_region_mean,STARE,APSRG,accuracy,20,-0.010891971664698968,-0.011076741440377902,0.008903289914871675,3,0,17,7.0,3.62396240234375e-05,-0.014867024793388469,-0.00710406434474618
r02_selective77_radius1_bfs_to_r03_edge_region_mean,r02_selective77_radius1_bfs,r03_edge_region_mean,CHASEDB1,APSRG,precision,28,0.006081987902007725,0.003654288807023065,0.07684409915712631,15,0,13,196.0,0.8841757625341415,-0.02103162706299637,0.03476216264870831
r02_selective77_radius1_bfs_to_r03_edge_region_mean,r02_selective77_radius1_bfs,r03_edge_region_mean,DRIVE,APSRG,precision,20,0.033011727260324426,0.007853626140344572,0.08705534882344053,12,0,8,71.0,0.21616744995117188,-0.002850140920103065,0.07068195404448915
r02_selective77_radius1_bfs_to_r03_edge_region_mean,r02_selective77_radius1_bfs,r03_edge_region_mean,STARE,APSRG,precision,20,0.09283496974475772,0.11325881441680596,0.15542552384763694,14,0,6,44.0,0.021484375,0.02393458093347822,0.15723376429352276
r02_selective77_radius1_bfs_to_r03_edge_region_mean,r02_selective77_radius1_bfs,r03_edge_region_mean,CHASEDB1,APSRG,recall,28,-0.2679028530746161,-0.263458355858585,0.06831021801989383,0,0,28,0.0,7.450580596923828e-09,-0.29369464466212325,-0.24401752021590906
r02_selective77_radius1_bfs_to_r03_edge_region_mean,r02_selective77_radius1_bfs,r03_edge_region_mean,DRIVE,APSRG,recall,20,-0.24732329167745606,-0.23582679372350301,0.0525324643973218,0,0,20,0.0,1.9073486328125e-06,-0.2707351747324617,-0.22672411422575015
r02_selective77_radius1_bfs_to_r03_edge_region_mean,r02_selective77_radius1_bfs,r03_edge_region_mean,STARE,APSRG,recall,20,-0.294438785617899,-0.2969960165989106,0.07886239313699031,0,0,20,0.0,1.9073486328125e-06,-0.327994369981429,-0.2604862708169676
r02_selective77_radius1_bfs_to_r03_edge_region_mean,r02_selective77_radius1_bfs,r03_edge_region_mean,CHASEDB1,APSRG,specificity,28,0.009699079594603937,0.00814667041090289,0.004099999543363841,28,0,0,0.0,7.450580596923828e-09,0.008303376111733821,0.011262949949743915
r02_selective77_radius1_bfs_to_r03_edge_region_mean,r02_selective77_radius1_bfs,r03_edge_region_mean,DRIVE,APSRG,specificity,20,0.011337710226885128,0.0087229449927268,0.005988093261372486,20,0,0,0.0,1.9073486328125e-06,0.008999710073805426,0.01411927311473575
r02_selective77_radius1_bfs_to_r03_edge_region_mean,r02_selective77_radius1_bfs,r03_edge_region_mean,STARE,APSRG,specificity,20,0.012966263817574708,0.012909700046583594,0.00691732216406175,20,0,0,0.0,1.9073486328125e-06,0.010061338910983137,0.015925819604253218
r02_selective77_radius1_bfs_to_r03_edge_region_mean,r02_selective77_radius1_bfs,r03_edge_region_mean,CHASEDB1,APSRG,f1_score,28,-0.24645213279775402,-0.2607678083381676,0.048452398883833764,0,0,28,0.0,7.450580596923828e-09,-0.26386394373811095,-0.22904276890199732
r02_selective77_radius1_bfs_to_r03_edge_region_mean,r02_selective77_radius1_bfs,r03_edge_region_mean,DRIVE,APSRG,f1_score,20,-0.25007975343520783,-0.24668068462812115,0.06525461855397292,0,0,20,0.0,1.9073486328125e-06,-0.27947058791114465,-0.22273362369421076
r02_selective77_radius1_bfs_to_r03_edge_region_mean,r02_selective77_radius1_bfs,r03_edge_region_mean,STARE,APSRG,f1_score,20,-0.26032795110133894,-0.26946038489505597,0.0865331267575286,0,0,20,0.0,1.9073486328125e-06,-0.2976207006830202,-0.22279418132389814
r02_selective77_radius1_bfs_to_r03_edge_region_mean,r02_selective77_radius1_bfs,r03_edge_region_mean,CHASEDB1,APSRG,iou,28,-0.19634519514674212,-0.20339090165215495,0.041914327012137265,0,0,28,0.0,7.450580596923828e-09,-0.21153640125837972,-0.18075274639481653
r02_selective77_radius1_bfs_to_r03_edge_region_mean,r02_selective77_radius1_bfs,r03_edge_region_mean,DRIVE,APSRG,iou,20,-0.20433877928391078,-0.1993824687603245,0.05216099703625181,0,0,20,0.0,1.9073486328125e-06,-0.2265090022701003,-0.18203351324938466
r02_selective77_radius1_bfs_to_r03_edge_region_mean,r02_selective77_radius1_bfs,r03_edge_region_mean,STARE,APSRG,iou,20,-0.21447520317702412,-0.21109583939848045,0.07066947240019002,0,0,20,0.0,1.9073486328125e-06,-0.2445587177956125,-0.1838522650797843
r02_selective77_radius1_bfs_to_r03_edge_region_mean,r02_selective77_radius1_bfs,r03_edge_region_mean,CHASEDB1,APSRG,balanced_accuracy,28,-0.12910188674000606,-0.12678283716885502,0.03275281178869356,0,0,28,0.0,7.450580596923828e-09,-0.14118594975571938,-0.11755867704273343
r02_selective77_radius1_bfs_to_r03_edge_region_mean,r02_selective77_radius1_bfs,r03_edge_region_mean,DRIVE,APSRG,balanced_accuracy,20,-0.11799279072528543,-0.11401740612701472,0.025582279958798526,0,0,20,0.0,1.9073486328125e-06,-0.1296848175320826,-0.10758813566866408
r02_selective77_radius1_bfs_to_r03_edge_region_mean,r02_selective77_radius1_bfs,r03_edge_region_mean,STARE,APSRG,balanced_accuracy,20,-0.14073626090016209,-0.13916028909786055,0.03749739412508308,0,0,20,0.0,1.9073486328125e-06,-0.15670859795061903,-0.12481119714250506
r02_selective77_radius1_bfs_to_r03_edge_region_mean,r02_selective77_radius1_bfs,r03_edge_region_mean,CHASEDB1,APSRG,dice,28,-0.24645213279775402,-0.2607678083381676,0.048452398883833764,0,0,28,0.0,7.450580596923828e-09,-0.2636804792609371,-0.22893484338479025
r02_selective77_radius1_bfs_to_r03_edge_region_mean,r02_selective77_radius1_bfs,r03_edge_region_mean,DRIVE,APSRG,dice,20,-0.25007975343520783,-0.24668068462812115,0.06525461855397292,0,0,20,0.0,1.9073486328125e-06,-0.27759765309413237,-0.22271920185122043
r02_selective77_radius1_bfs_to_r03_edge_region_mean,r02_selective77_radius1_bfs,r03_edge_region_mean,STARE,APSRG,dice,20,-0.26032795110133894,-0.26946038489505597,0.0865331267575286,0,0,20,0.0,1.9073486328125e-06,-0.29591173227581025,-0.22229679867827717
r02_selective77_radius1_bfs_to_r03_edge_region_mean,r02_selective77_radius1_bfs,r03_edge_region_mean,CHASEDB1,CA-APSRG,accuracy,28,-0.009167575313408656,-0.009332248915582264,0.004790553984617833,1,0,27,2.0,2.2351741790771484e-08,-0.010935210694325289,-0.00742707085806043
r02_selective77_radius1_bfs_to_r03_edge_region_mean,r02_selective77_radius1_bfs,r03_edge_region_mean,DRIVE,CA-APSRG,accuracy,20,-0.021106219783010405,-0.020842980117736498,0.010353157560095807,1,0,19,2.0,5.7220458984375e-06,-0.025480258066883723,-0.016606754813150437
r02_selective77_radius1_bfs_to_r03_edge_region_mean,r02_selective77_radius1_bfs,r03_edge_region_mean,STARE,CA-APSRG,accuracy,20,-0.010891145218418007,-0.011064935064935166,0.008906559340383263,3,0,17,7.0,3.62396240234375e-05,-0.014741053719008378,-0.007213786894923307
r02_selective77_radius1_bfs_to_r03_edge_region_mean,r02_selective77_radius1_bfs,r03_edge_region_mean,CHASEDB1,CA-APSRG,precision,28,0.00599028082721175,0.003365834645035537,0.07683316455848793,15,0,13,196.0,0.8841757625341415,-0.021178878293113393,0.034650479681742
r02_selective77_radius1_bfs_to_r03_edge_region_mean,r02_selective77_radius1_bfs,r03_edge_region_mean,DRIVE,CA-APSRG,precision,20,0.03304042061685829,0.008714857597483139,0.08711785735694821,12,0,8,71.0,0.21616744995117188,-0.0031504303814334413,0.0714634853812796
r02_selective77_radius1_bfs_to_r03_edge_region_mean,r02_selective77_radius1_bfs,r03_edge_region_mean,STARE,CA-APSRG,precision,20,0.09288677096600892,0.11325881441680596,0.15533624612463806,14,0,6,44.0,0.021484375,0.02832847440457364,0.15579003385763918
r02_selective77_radius1_bfs_to_r03_edge_region_mean,r02_selective77_radius1_bfs,r03_edge_region_mean,CHASEDB1,CA-APSRG,recall,28,-0.26789815157105806,-0.263458355858585,0.06831381164817063,0,0,28,0.0,7.450580596923828e-09,-0.293648993147243,-0.24375873706667395
r02_selective77_radius1_bfs_to_r03_edge_region_mean,r02_selective77_radius1_bfs,r03_edge_region_mean,DRIVE,CA-APSRG,recall,20,-0.24757380645281826,-0.23582679372350301,0.052414878254130326,0,0,20,0.0,1.9073486328125e-06,-0.27177654247499283,-0.22639195957198774
r02_selective77_radius1_bfs_to_r03_edge_region_mean,r02_selective77_radius1_bfs,r03_edge_region_mean,STARE,CA-APSRG,recall,20,-0.2944111809766681,-0.29689146056994853,0.07884732286925207,0,0,20,0.0,1.9073486328125e-06,-0.3276903167029442,-0.26125468643128724
r02_selective77_radius1_bfs_to_r03_edge_region_mean,r02_selective77_radius1_bfs,r03_edge_region_mean,CHASEDB1,CA-APSRG,specificity,28,0.009692212550355359,0.008125996177024808,0.00410263795029841,28,0,0,0.0,7.450580596923828e-09,0.008276608867012095,0.011308115330618313
r02_selective77_radius1_bfs_to_r03_edge_region_mean,r02_selective77_radius1_bfs,r03_edge_region_mean,DRIVE,CA-APSRG,specificity,20,0.011355364220417007,0.008750674454018947,0.005984645938628784,20,0,0,0.0,1.9073486328125e-06,0.008989221264008631,0.01414725774394786
r02_selective77_radius1_bfs_to_r03_edge_region_mean,r02_selective77_radius1_bfs,r03_edge_region_mean,STARE,CA-APSRG,specificity,20,0.012964401346589794,0.012911820003055408,0.0069194930686247375,20,0,0,0.0,1.9073486328125e-06,0.00997941619991929,0.01587616145758671
r02_selective77_radius1_bfs_to_r03_edge_region_mean,r02_selective77_radius1_bfs,r03_edge_region_mean,CHASEDB1,CA-APSRG,f1_score,28,-0.24647783516096428,-0.2608632181003564,0.04844128438432548,0,0,28,0.0,7.450580596923828e-09,-0.263626587956023,-0.22949785534566922
r02_selective77_radius1_bfs_to_r03_edge_region_mean,r02_selective77_radius1_bfs,r03_edge_region_mean,DRIVE,CA-APSRG,f1_score,20,-0.2504410488214871,-0.2466818775485078,0.06509538801957271,0,0,20,0.0,1.9073486328125e-06,-0.2785417342380634,-0.22266483138810367
r02_selective77_radius1_bfs_to_r03_edge_region_mean,r02_selective77_radius1_bfs,r03_edge_region_mean,STARE,CA-APSRG,f1_score,20,-0.26032412892645096,-0.26946038489505597,0.08652967993303975,0,0,20,0.0,1.9073486328125e-06,-0.2960903117950328,-0.22311421141029225
r02_selective77_radius1_bfs_to_r03_edge_region_mean,r02_selective77_radius1_bfs,r03_edge_region_mean,CHASEDB1,CA-APSRG,iou,28,-0.19636833512965585,-0.20341979863810666,0.04190448434491887,0,0,28,0.0,7.450580596923828e-09,-0.21157436505358598,-0.18103915090111503
r02_selective77_radius1_bfs_to_r03_edge_region_mean,r02_selective77_radius1_bfs,r03_edge_region_mean,DRIVE,CA-APSRG,iou,20,-0.20455977111802953,-0.1993824687603245,0.052019432640618486,0,0,20,0.0,1.9073486328125e-06,-0.2272633922952711,-0.1832114786501097
r02_selective77_radius1_bfs_to_r03_edge_region_mean,r02_selective77_radius1_bfs,r03_edge_region_mean,STARE,CA-APSRG,iou,20,-0.21447724125262782,-0.21109773564233636,0.07067394915246511,0,0,20,0.0,1.9073486328125e-06,-0.24455730266030865,-0.18381910667765325
r02_selective77_radius1_bfs_to_r03_edge_region_mean,r02_selective77_radius1_bfs,r03_edge_region_mean,CHASEDB1,CA-APSRG,balanced_accuracy,28,-0.12910296951035138,-0.12678706933057554,0.03275225136616348,0,0,28,0.0,7.450580596923828e-09,-0.1413198940277097,-0.11771639701340719
r02_selective77_radius1_bfs_to_r03_edge_region_mean,r02_selective77_radius1_bfs,r03_edge_region_mean,DRIVE,CA-APSRG,balanced_accuracy,20,-0.11810922111620059,-0.11401740612701472,0.025515427794850797,0,0,20,0.0,1.9073486328125e-06,-0.12981140951887507,-0.1080345456891323
r02_selective77_radius1_bfs_to_r03_edge_region_mean,r02_selective77_radius1_bfs,r03_edge_region_mean,STARE,CA-APSRG,balanced_accuracy,20,-0.14072338981503912,-0.1391067132012635,0.037490829182491185,0,0,20,0.0,1.9073486328125e-06,-0.15612460300936684,-0.12445629576548418
r02_selective77_radius1_bfs_to_r03_edge_region_mean,r02_selective77_radius1_bfs,r03_edge_region_mean,CHASEDB1,CA-APSRG,dice,28,-0.24647783516096428,-0.2608632181003564,0.04844128438432548,0,0,28,0.0,7.450580596923828e-09,-0.2646415254744883,-0.22907472993808295
r02_selective77_radius1_bfs_to_r03_edge_region_mean,r02_selective77_radius1_bfs,r03_edge_region_mean,DRIVE,CA-APSRG,dice,20,-0.2504410488214871,-0.2466818775485078,0.06509538801957271,0,0,20,0.0,1.9073486328125e-06,-0.27828439290737234,-0.22297916745489965
r02_selective77_radius1_bfs_to_r03_edge_region_mean,r02_selective77_radius1_bfs,r03_edge_region_mean,STARE,CA-APSRG,dice,20,-0.26032412892645096,-0.26946038489505597,0.08652967993303975,0,0,20,0.0,1.9073486328125e-06,-0.29734975750361764,-0.2210099702752677
r03_edge_region_mean_to_r04_local_or_region,r03_edge_region_mean,r04_local_or_region,CHASEDB1,APSRG,accuracy,28,0.008395449020449046,0.009004316816816738,0.007825818802494845,22,0,6,29.0,1.2949109077453613e-05,0.005578796802755134,0.011212589077172432
r03_edge_region_mean_to_r04_local_or_region,r03_edge_region_mean,r04_local_or_region,DRIVE,APSRG,accuracy,20,0.03227027168615769,0.03212240005336919,0.01691734441166732,18,0,2,3.0,9.5367431640625e-06,0.024784212175743853,0.03940539075967393
r03_edge_region_mean_to_r04_local_or_region,r03_edge_region_mean,r04_local_or_region,STARE,APSRG,accuracy,20,-0.0019938606847697826,-0.0018016528925619002,0.014156181699830331,7,0,13,86.0,0.49800872802734375,-0.007973043093270361,0.004027517709563146
r03_edge_region_mean_to_r04_local_or_region,r03_edge_region_mean,r04_local_or_region,CHASEDB1,APSRG,precision,28,-0.06860472353822165,-0.06527082129764061,0.087965740911383,7,0,21,51.0,0.000244140625,-0.10205556052086856,-0.037814051494951186
r03_edge_region_mean_to_r04_local_or_region,r03_edge_region_mean,r04_local_or_region,DRIVE,APSRG,precision,20,-0.1258892089616923,-0.0671005572850506,0.13437016636027996,2,0,18,19.0,0.0005855560302734375,-0.18418346849058756,-0.06935864055797616
r03_edge_region_mean_to_r04_local_or_region,r03_edge_region_mean,r04_local_or_region,STARE,APSRG,precision,20,-0.2587317346635715,-0.2994905355327278,0.2150185169704573,2,0,18,13.0,0.0001678466796875,-0.34914126619775465,-0.16325942683517594
r03_edge_region_mean_to_r04_local_or_region,r03_edge_region_mean,r04_local_or_region,CHASEDB1,APSRG,recall,28,0.42389043047105995,0.4420397855018944,0.07035135940115049,28,0,0,0.0,7.450580596923828e-09,0.3971403289016935,0.4492561090089147
r03_edge_region_mean_to_r04_local_or_region,r03_edge_region_mean,r04_local_or_region,DRIVE,APSRG,recall,20,0.5453614314403925,0.5503109952631616,0.07579057380478821,20,0,0,0.0,1.9073486328125e-06,0.5110663004649043,0.5771418867305693
r03_edge_region_mean_to_r04_local_or_region,r03_edge_region_mean,r04_local_or_region,STARE,APSRG,recall,20,0.6289705114296207,0.6566066323786319,0.13104543222603027,20,0,0,0.0,1.9073486328125e-06,0.5687891598713847,0.6806519711583038
r03_edge_region_mean_to_r04_local_or_region,r03_edge_region_mean,r04_local_or_region,CHASEDB1,APSRG,specificity,28,-0.02238311981923946,-0.02096477269421948,0.005735935413273496,0,0,28,0.0,7.450580596923828e-09,-0.024583993699598388,-0.02037776121339285
r03_edge_region_mean_to_r04_local_or_region,r03_edge_region_mean,r04_local_or_region,DRIVE,APSRG,specificity,20,-0.04107806251969156,-0.0416672328359971,0.008591956029656272,0,0,20,0.0,1.9073486328125e-06,-0.0446951675694269,-0.03739789471756919
r03_edge_region_mean_to_r04_local_or_region,r03_edge_region_mean,r04_local_or_region,STARE,APSRG,specificity,20,-0.05527566304316391,-0.05793418115876586,0.016264657872311055,0,0,20,0.0,1.9073486328125e-06,-0.061934369267814086,-0.048154814452783475
r03_edge_region_mean_to_r04_local_or_region,r03_edge_region_mean,r04_local_or_region,CHASEDB1,APSRG,f1_score,28,0.3178112849820448,0.327455306419599,0.06594694106363651,28,0,0,0.0,7.450580596923828e-09,0.2942579030231921,0.34137238277729576
r03_edge_region_mean_to_r04_local_or_region,r03_edge_region_mean,r04_local_or_region,DRIVE,APSRG,f1_score,20,0.39926555755882653,0.4140566319340024,0.08257640090805685,20,0,0,0.0,1.9073486328125e-06,0.3630238138881961,0.4337112492979691
r03_edge_region_mean_to_r04_local_or_region,r03_edge_region_mean,r04_local_or_region,STARE,APSRG,f1_score,20,0.33260920693037116,0.3408554848900254,0.11080580768458313,20,0,0,0.0,1.9073486328125e-06,0.2822946921174532,0.37725888849222716
r03_edge_region_mean_to_r04_local_or_region,r03_edge_region_mean,r04_local_or_region,CHASEDB1,APSRG,iou,28,0.26521612573908165,0.26766480395135817,0.05604512073161525,28,0,0,0.0,7.450580596923828e-09,0.24548822655754404,0.28625668038235624
r03_edge_region_mean_to_r04_local_or_region,r03_edge_region_mean,r04_local_or_region,DRIVE,APSRG,iou,20,0.3643063958986383,0.38207683829528793,0.07314003666376491,20,0,0,0.0,1.9073486328125e-06,0.33354596613979015,0.39450200526965656
r03_edge_region_mean_to_r04_local_or_region,r03_edge_region_mean,r04_local_or_region,STARE,APSRG,iou,20,0.288980394828069,0.30130362069082406,0.09442274278560353,20,0,0,0.0,1.9073486328125e-06,0.24831853371460047,0.32766867154602436
r03_edge_region_mean_to_r04_local_or_region,r03_edge_region_mean,r04_local_or_region,CHASEDB1,APSRG,balanced_accuracy,28,0.2007536553259103,0.20927142392582776,0.03355954719817105,28,0,0,0.0,7.450580596923828e-09,0.18879002770264444,0.21256761053776121
r03_edge_region_mean_to_r04_local_or_region,r03_edge_region_mean,r04_local_or_region,DRIVE,APSRG,balanced_accuracy,20,0.25214168446035046,0.25894846190177695,0.03590422633553473,20,0,0,0.0,1.9073486328125e-06,0.23587052440099152,0.2670280113368518
r03_edge_region_mean_to_r04_local_or_region,r03_edge_region_mean,r04_local_or_region,STARE,APSRG,balanced_accuracy,20,0.2868474241932283,0.3027360392390838,0.05894365167793476,20,0,0,0.0,1.9073486328125e-06,0.2600325624646883,0.309754460709391
r03_edge_region_mean_to_r04_local_or_region,r03_edge_region_mean,r04_local_or_region,CHASEDB1,APSRG,dice,28,0.3178112849820448,0.327455306419599,0.06594694106363651,28,0,0,0.0,7.450580596923828e-09,0.2935343308586297,0.34230635418726774
r03_edge_region_mean_to_r04_local_or_region,r03_edge_region_mean,r04_local_or_region,DRIVE,APSRG,dice,20,0.39926555755882653,0.4140566319340024,0.08257640090805685,20,0,0,0.0,1.9073486328125e-06,0.3643886339658477,0.4326112354793564
r03_edge_region_mean_to_r04_local_or_region,r03_edge_region_mean,r04_local_or_region,STARE,APSRG,dice,20,0.33260920693037116,0.3408554848900254,0.11080580768458313,20,0,0,0.0,1.9073486328125e-06,0.28283501249707493,0.37693698864708075
r03_edge_region_mean_to_r04_local_or_region,r03_edge_region_mean,r04_local_or_region,CHASEDB1,CA-APSRG,accuracy,28,0.008396789646789684,0.009009009009008917,0.007826377962746755,22,0,6,29.0,1.2949109077453613e-05,0.005573633529362748,0.011274197374457852
r03_edge_region_mean_to_r04_local_or_region,r03_edge_region_mean,r04_local_or_region,DRIVE,CA-APSRG,accuracy,20,0.03229224560911105,0.03217744063153982,0.01690335987019861,18,0,2,3.0,9.5367431640625e-06,0.024555833609326696,0.03906382525475491
r03_edge_region_mean_to_r04_local_or_region,r03_edge_region_mean,r04_local_or_region,STARE,CA-APSRG,accuracy,20,-0.001994332939787474,-0.0017827626918535122,0.014155467999030388,7,0,13,86.0,0.49800872802734375,-0.007771038961038936,0.004281378394332978
r03_edge_region_mean_to_r04_local_or_region,r03_edge_region_mean,r04_local_or_region,CHASEDB1,CA-APSRG,precision,28,-0.06861152334068887,-0.06527082129764061,0.08795936411581713,7,0,21,51.0,0.000244140625,-0.10068114028808871,-0.03647284050972726
r03_edge_region_mean_to_r04_local_or_region,r03_edge_region_mean,r04_local_or_region,DRIVE,CA-APSRG,precision,20,-0.12594776946546118,-0.0670998605071414,0.13446040090905864,2,0,18,19.0,0.0005855560302734375,-0.1847619785769329,-0.07024162395986286
r03_edge_region_mean_to_r04_local_or_region,r03_edge_region_mean,r04_local_or_region,STARE,CA-APSRG,precision,20,-0.25883777497198013,-0.2994905355327278,0.21483297478927793,2,0,18,13.0,0.0001678466796875,-0.34654864331302593,-0.16314157287786188
r03_edge_region_mean_to_r04_local_or_region,r03_edge_region_mean,r04_local_or_region,CHASEDB1,CA-APSRG,recall,28,0.4238943346241081,0.4420397855018944,0.07034730808699842,28,0,0,0.0,7.450580596923828e-09,0.3978915894890997,0.4489207566283829
r03_edge_region_mean_to_r04_local_or_region,r03_edge_region_mean,r04_local_or_region,DRIVE,CA-APSRG,recall,20,0.545721371483229,0.5504025823363005,0.0756631408939024,20,0,0,0.0,1.9073486328125e-06,0.5125217487908336,0.5776119519223364
r03_edge_region_mean_to_r04_local_or_region,r03_edge_region_mean,r04_local_or_region,STARE,CA-APSRG,recall,20,0.6289705114296207,0.6566066323786319,0.13104543222603027,20,0,0,0.0,1.9073486328125e-06,0.5685748509507275,0.6797089260371391
r03_edge_region_mean_to_r04_local_or_region,r03_edge_region_mean,r04_local_or_region,CHASEDB1,CA-APSRG,specificity,28,-0.022381988075786324,-0.02096477269421948,0.005736603116065017,0,0,28,0.0,7.450580596923828e-09,-0.02454829975908018,-0.020365291879251346
r03_edge_region_mean_to_r04_local_or_region,r03_edge_region_mean,r04_local_or_region,DRIVE,CA-APSRG,specificity,20,-0.04110308742129663,-0.04174507241031861,0.008578581601417251,0,0,20,0.0,1.9073486328125e-06,-0.04477127969000116,-0.03749870385697552
r03_edge_region_mean_to_r04_local_or_region,r03_edge_region_mean,r04_local_or_region,STARE,CA-APSRG,specificity,20,-0.05527618726764934,-0.05795214364795631,0.016263960801705266,0,0,20,0.0,1.9073486328125e-06,-0.06216280382122588,-0.04832006045003933
r03_edge_region_mean_to_r04_local_or_region,r03_edge_region_mean,r04_local_or_region,CHASEDB1,CA-APSRG,f1_score,28,0.317822880637099,0.327455306419599,0.06594168298126328,28,0,0,0.0,7.450580596923828e-09,0.2938283185929042,0.3425972751768701
r03_edge_region_mean_to_r04_local_or_region,r03_edge_region_mean,r04_local_or_region,DRIVE,CA-APSRG,f1_score,20,0.39971403109039505,0.4143425215346347,0.08246872732542584,20,0,0,0.0,1.9073486328125e-06,0.36359166986327685,0.43350677787974634
r03_edge_region_mean_to_r04_local_or_region,r03_edge_region_mean,r04_local_or_region,STARE,CA-APSRG,f1_score,20,0.33261885681535647,0.3409197477312168,0.11081042862590006,20,0,0,0.0,1.9073486328125e-06,0.2817791857418719,0.3775894450657651
r03_edge_region_mean_to_r04_local_or_region,r03_edge_region_mean,r04_local_or_region,CHASEDB1,CA-APSRG,iou,28,0.2652277566254471,0.2676978322686079,0.05603967030842302,28,0,0,0.0,7.450580596923828e-09,0.24513030744329162,0.2861998010778066
r03_edge_region_mean_to_r04_local_or_region,r03_edge_region_mean,r04_local_or_region,DRIVE,CA-APSRG,iou,20,0.36460960521682273,0.3822768128242493,0.07301955380574565,20,0,0,0.0,1.9073486328125e-06,0.33262412420273196,0.3948277517132109
r03_edge_region_mean_to_r04_local_or_region,r03_edge_region_mean,r04_local_or_region,STARE,CA-APSRG,iou,20,0.28899894190613734,0.30130362069082406,0.09443753574588372,20,0,0,0.0,1.9073486328125e-06,0.2464103484267732,0.32832808750251524
r03_edge_region_mean_to_r04_local_or_region,r03_edge_region_mean,r04_local_or_region,CHASEDB1,CA-APSRG,balanced_accuracy,28,0.20075617327416087,0.20927565608754822,0.03355715835039543,28,0,0,0.0,7.450580596923828e-09,0.18841256917255153,0.21265833076940902
r03_edge_region_mean_to_r04_local_or_region,r03_edge_region_mean,r04_local_or_region,DRIVE,CA-APSRG,balanced_accuracy,20,0.25230914203096616,0.25898765951515457,0.03583838139143377,20,0,0,0.0,1.9073486328125e-06,0.23686795994466942,0.26717112997175957
r03_edge_region_mean_to_r04_local_or_region,r03_edge_region_mean,r04_local_or_region,STARE,CA-APSRG,balanced_accuracy,20,0.2868471620809856,0.3027321626108059,0.058944031275651704,20,0,0,0.0,1.9073486328125e-06,0.2598537657410349,0.31004338056863784
r03_edge_region_mean_to_r04_local_or_region,r03_edge_region_mean,r04_local_or_region,CHASEDB1,CA-APSRG,dice,28,0.317822880637099,0.327455306419599,0.06594168298126328,28,0,0,0.0,7.450580596923828e-09,0.2943161472936129,0.34235148490352346
r03_edge_region_mean_to_r04_local_or_region,r03_edge_region_mean,r04_local_or_region,DRIVE,CA-APSRG,dice,20,0.39971403109039505,0.4143425215346347,0.08246872732542584,20,0,0,0.0,1.9073486328125e-06,0.3642535501493227,0.4334610015088673
r03_edge_region_mean_to_r04_local_or_region,r03_edge_region_mean,r04_local_or_region,STARE,CA-APSRG,dice,20,0.33261885681535647,0.3409197477312168,0.11081042862590006,20,0,0,0.0,1.9073486328125e-06,0.2828584141182284,0.3787929886924482
r04_local_or_region_to_r05_local_or_region_hybrid_priority,r04_local_or_region,r05_local_or_region_hybrid_priority,CHASEDB1,APSRG,accuracy,28,4.803911053908554e-06,1.0948448448566683e-05,7.89727413808344e-05,17,1,10,154.0,0.40040098824157966,-2.3686260665420038e-05,3.448668162211738e-05
r04_local_or_region_to_r05_local_or_region_hybrid_priority,r04_local_or_region,r05_local_or_region_hybrid_priority,DRIVE,APSRG,accuracy,20,0.00014280386021600644,-8.888324945399706e-05,0.0007990165128000829,9,0,11,101.0,0.8983173370361328,-0.00016037218406504949,0.0005240754752715399
r04_local_or_region_to_r05_local_or_region_hybrid_priority,r04_local_or_region,r05_local_or_region_hybrid_priority,STARE,APSRG,accuracy,20,-0.000296694214876031,-6.49350649349345e-05,0.0009548346021980309,8,0,12,68.0,0.17685317993164062,-0.0007532674144037638,3.164698937427107e-05
r04_local_or_region_to_r05_local_or_region_hybrid_priority,r04_local_or_region,r05_local_or_region_hybrid_priority,CHASEDB1,APSRG,precision,28,5.0605074652289505e-05,5.9191591936791355e-05,0.0005859741753945481,17,0,11,155.0,0.2842133492231369,-0.00015971222772073455,0.00025863941320032797
r04_local_or_region_to_r05_local_or_region_hybrid_priority,r04_local_or_region,r05_local_or_region_hybrid_priority,DRIVE,APSRG,precision,20,0.00010039345316077975,-0.0003446029958311114,0.003823134433611748,9,0,11,96.0,0.7561664581298828,-0.0015188439850135874,0.0017454909641638312
r04_local_or_region_to_r05_local_or_region_hybrid_priority,r04_local_or_region,r05_local_or_region_hybrid_priority,STARE,APSRG,precision,20,-0.0009713733575368339,-0.0002703886943299372,0.0035866504593204326,8,0,12,75.0,0.2773551940917969,-0.002713227862493265,0.0003417235501778422
r04_local_or_region_to_r05_local_or_region_hybrid_priority,r04_local_or_region,r05_local_or_region_hybrid_priority,CHASEDB1,APSRG,recall,28,-0.00013940504843876805,-0.00010705854077230903,0.0006629119883228274,11,1,16,139.0,0.229654258637482,-0.0003729162632192671,0.00010181492950872495
r04_local_or_region_to_r05_local_or_region_hybrid_priority,r04_local_or_region,r05_local_or_region_hybrid_priority,DRIVE,APSRG,recall,20,0.0005193533182401066,0.0003458333075231357,0.008731687439189431,12,0,8,91.0,0.6215133666992188,-0.0032931372841620383,0.004333265558351148
r04_local_or_region_to_r05_local_or_region_hybrid_priority,r04_local_or_region,r05_local_or_region_hybrid_priority,STARE,APSRG,recall,20,-0.00043695046557014615,-0.0003028811056989267,0.003695097692820748,7,0,13,81.0,0.38837623596191406,-0.0020676653123245913,0.0011596086489608624
r04_local_or_region_to_r05_local_or_region_hybrid_priority,r04_local_or_region,r05_local_or_region_hybrid_priority,CHASEDB1,APSRG,specificity,28,1.5168043172903672e-05,1.0551047292084448e-05,7.482132755448974e-05,18,0,10,152.0,0.25451332330703735,-1.0221792515585634e-05,4.407613396846253e-05
r04_local_or_region_to_r05_local_or_region_hybrid_priority,r04_local_or_region,r05_local_or_region_hybrid_priority,DRIVE,APSRG,specificity,20,1.2869285055172597e-05,-2.7604385969492995e-05,0.001116941246008917,10,0,10,91.0,0.6215133666992188,-0.00044930833743806175,0.0004955006702773083
r04_local_or_region_to_r05_local_or_region_hybrid_priority,r04_local_or_region,r05_local_or_region_hybrid_priority,STARE,APSRG,specificity,20,-0.00027464704546381613,-7.658109725700024e-05,0.0011570599790535815,9,0,11,84.0,0.4523754119873047,-0.000820405687947131,0.0001548435793054604
r04_local_or_region_to_r05_local_or_region_hybrid_priority,r04_local_or_region,r05_local_or_region_hybrid_priority,CHASEDB1,APSRG,f1_score,28,-3.127588421130264e-05,-1.0779573780317353e-05,0.0005211038898483387,14,0,14,201.0,0.973184622824192,-0.0002317132221136488,0.00015832626850605713
r04_local_or_region_to_r05_local_or_region_hybrid_priority,r04_local_or_region,r05_local_or_region_hybrid_priority,DRIVE,APSRG,f1_score,20,0.000565533969086468,-0.00016230159387115028,0.0039008398802119755,8,0,12,103.0,0.956329345703125,-0.0009124783664410415,0.0024598041218469972
r04_local_or_region_to_r05_local_or_region_hybrid_priority,r04_local_or_region,r05_local_or_region_hybrid_priority,STARE,APSRG,f1_score,20,-0.0010235794188931725,-0.0005650357540897266,0.0027675914029696943,6,0,14,53.0,0.05316925048828125,-0.0023575605904489956,-4.477898313583103e-05
r04_local_or_region_to_r05_local_or_region_hybrid_priority,r04_local_or_region,r05_local_or_region_hybrid_priority,CHASEDB1,APSRG,iou,28,-3.33304080409047e-05,-1.1082907344223125e-05,0.0005308434956190074,14,0,14,201.0,0.973184622824192,-0.00023855743411656567,0.00015415201331051587
r04_local_or_region_to_r05_local_or_region_hybrid_priority,r04_local_or_region,r05_local_or_region_hybrid_priority,DRIVE,APSRG,iou,20,0.0006672790382187599,-0.0001881759596527588,0.004733316598348025,8,0,12,103.0,0.956329345703125,-0.0011061095495640035,0.002897569377618227
r04_local_or_region_to_r05_local_or_region_hybrid_priority,r04_local_or_region,r05_local_or_region_hybrid_priority,STARE,APSRG,iou,20,-0.0011327319368004823,-0.0005855182037859397,0.003057349055586547,6,0,14,55.0,0.06372261047363281,-0.00262441579659268,-3.434970570402952e-05
r04_local_or_region_to_r05_local_or_region_hybrid_priority,r04_local_or_region,r05_local_or_region_hybrid_priority,CHASEDB1,APSRG,balanced_accuracy,28,-6.21185026329312e-05,-6.761318182585407e-05,0.0003273646700825138,11,0,17,158.0,0.3160962611436844,-0.00017966447817378746,5.408743182446152e-05
r04_local_or_region_to_r05_local_or_region_hybrid_priority,r04_local_or_region,r05_local_or_region_hybrid_priority,DRIVE,APSRG,balanced_accuracy,20,0.0002661113016476591,0.00028901967310007715,0.003940564488431341,13,0,7,94.0,0.7011814117431641,-0.001448732906667345,0.001998435419863944
r04_local_or_region_to_r05_local_or_region_hybrid_priority,r04_local_or_region,r05_local_or_region_hybrid_priority,STARE,APSRG,balanced_accuracy,20,-0.0003557987555169562,-0.0002748603888348411,0.001646830111111227,5,0,15,64.0,0.13272666931152344,-0.001055858440203284,0.0003523016783046301
r04_local_or_region_to_r05_local_or_region_hybrid_priority,r04_local_or_region,r05_local_or_region_hybrid_priority,CHASEDB1,APSRG,dice,28,-3.127588421130264e-05,-1.0779573780317353e-05,0.0005211038898483387,14,0,14,201.0,0.973184622824192,-0.00022628690646703302,0.0001522177748402306
r04_local_or_region_to_r05_local_or_region_hybrid_priority,r04_local_or_region,r05_local_or_region_hybrid_priority,DRIVE,APSRG,dice,20,0.000565533969086468,-0.00016230159387115028,0.0039008398802119755,8,0,12,103.0,0.956329345703125,-0.0009124812919559458,0.0023688713946628014
r04_local_or_region_to_r05_local_or_region_hybrid_priority,r04_local_or_region,r05_local_or_region_hybrid_priority,STARE,APSRG,dice,20,-0.0010235794188931725,-0.0005650357540897266,0.0027675914029696943,6,0,14,53.0,0.05316925048828125,-0.0023729006648243165,-4.43832586706307e-05
r04_local_or_region_to_r05_local_or_region_hybrid_priority,r04_local_or_region,r05_local_or_region_hybrid_priority,CHASEDB1,CA-APSRG,accuracy,28,4.803911053896659e-06,1.0948448448511172e-05,7.89727413808316e-05,17,1,10,154.0,0.4003839904033025,-2.3388343700876066e-05,3.403701320363566e-05
r04_local_or_region_to_r05_local_or_region_hybrid_priority,r04_local_or_region,r05_local_or_region_hybrid_priority,DRIVE,CA-APSRG,accuracy,20,0.00014280386021600644,-8.888324945399706e-05,0.0007990165128000829,9,0,11,101.0,0.8983173370361328,-0.00015142729659821757,0.000529164068890036
r04_local_or_region_to_r05_local_or_region_hybrid_priority,r04_local_or_region,r05_local_or_region_hybrid_priority,STARE,CA-APSRG,accuracy,20,-0.000296694214876031,-6.49350649349345e-05,0.0009548346021980272,8,0,12,68.0,0.17685317993164062,-0.0007748612750885317,3.401416765053438e-05
r04_local_or_region_to_r05_local_or_region_hybrid_priority,r04_local_or_region,r05_local_or_region_hybrid_priority,CHASEDB1,CA-APSRG,precision,28,5.0612891250358714e-05,5.927734705074572e-05,0.0005859754615084695,17,0,11,155.0,0.2842133492231369,-0.00016508137815148685,0.0002643721849124428
r04_local_or_region_to_r05_local_or_region_hybrid_priority,r04_local_or_region,r05_local_or_region_hybrid_priority,DRIVE,CA-APSRG,precision,20,0.00010048110829814494,-0.0003446029958311114,0.003823167784495591,9,0,11,96.0,0.7561664581298828,-0.001490969793330024,0.001765455388958821
r04_local_or_region_to_r05_local_or_region_hybrid_priority,r04_local_or_region,r05_local_or_region_hybrid_priority,STARE,CA-APSRG,precision,20,-0.0009711188665718212,-0.0002703886943299372,0.003586981987256626,8,0,12,75.0,0.2773551940917969,-0.002705572505496611,0.0003576737772553993
r04_local_or_region_to_r05_local_or_region_hybrid_priority,r04_local_or_region,r05_local_or_region_hybrid_priority,CHASEDB1,CA-APSRG,recall,28,-0.0001394050484387641,-0.00010705854077230903,0.0006629119883228258,11,1,16,139.0,0.229654258637482,-0.0003724271034157807,0.00010863931910719525
r04_local_or_region_to_r05_local_or_region_hybrid_priority,r04_local_or_region,r05_local_or_region_hybrid_priority,DRIVE,CA-APSRG,recall,20,0.0005193533182401066,0.0003458333075231357,0.008731687439189431,12,0,8,91.0,0.6215133666992188,-0.003190719485736075,0.004342674651885358
r04_local_or_region_to_r05_local_or_region_hybrid_priority,r04_local_or_region,r05_local_or_region_hybrid_priority,STARE,CA-APSRG,recall,20,-0.00043695046557014615,-0.0003028811056989267,0.003695097692820748,7,0,13,81.0,0.38837623596191406,-0.0020672844497466726,0.0011217454065532012
r04_local_or_region_to_r05_local_or_region_hybrid_priority,r04_local_or_region,r05_local_or_region_hybrid_priority,CHASEDB1,CA-APSRG,specificity,28,1.5168043172903672e-05,1.0551047291973426e-05,7.482132755448424e-05,18,0,10,152.0,0.25451332330703735,-1.0019323125067273e-05,4.474263515221271e-05
r04_local_or_region_to_r05_local_or_region_hybrid_priority,r04_local_or_region,r05_local_or_region_hybrid_priority,DRIVE,CA-APSRG,specificity,20,1.28692850551837e-05,-2.7604385969492995e-05,0.0011169412460089218,10,0,10,91.0,0.6215133666992188,-0.0004344089708352008,0.0005271666360703986
r04_local_or_region_to_r05_local_or_region_hybrid_priority,r04_local_or_region,r05_local_or_region_hybrid_priority,STARE,CA-APSRG,specificity,20,-0.000274647045463805,-7.658109725700024e-05,0.0011570599790535882,9,0,11,84.0,0.4523754119873047,-0.0008111429724650646,0.00015782016507029674
r04_local_or_region_to_r05_local_or_region_hybrid_priority,r04_local_or_region,r05_local_or_region_hybrid_priority,CHASEDB1,CA-APSRG,f1_score,28,-3.127422737913118e-05,-1.0775863811485209e-05,0.0005211051963788273,14,0,14,201.0,0.973184622824192,-0.00022729450879915394,0.00015090714607501505
r04_local_or_region_to_r05_local_or_region_hybrid_priority,r04_local_or_region,r05_local_or_region_hybrid_priority,DRIVE,CA-APSRG,f1_score,20,0.0005655588480565022,-0.00016222238449992155,0.0039008347369858015,8,0,12,103.0,0.956329345703125,-0.0008920625942940563,0.002418605533845248
r04_local_or_region_to_r05_local_or_region_hybrid_priority,r04_local_or_region,r05_local_or_region_hybrid_priority,STARE,CA-APSRG,f1_score,20,-0.0010234948283971313,-0.0005650357540897266,0.002767695813279641,6,0,14,53.0,0.05316925048828125,-0.002317369032663221,-1.216844051446052e-05
r04_local_or_region_to_r05_local_or_region_hybrid_priority,r04_local_or_region,r05_local_or_region_hybrid_priority,CHASEDB1,CA-APSRG,iou,28,-3.33264489416519e-05,-1.1079033876565392e-05,0.000530847172354987,14,0,14,201.0,0.973184622824192,-0.0002391509036342669,0.00015495842631233219
r04_local_or_region_to_r05_local_or_region_hybrid_priority,r04_local_or_region,r05_local_or_region_hybrid_priority,DRIVE,CA-APSRG,iou,20,0.0006673059055843977,-0.00018807348008559321,0.004733312546504881,8,0,12,103.0,0.956329345703125,-0.0011162918152113738,0.002950098874868483
r04_local_or_region_to_r05_local_or_region_hybrid_priority,r04_local_or_region,r05_local_or_region_hybrid_priority,STARE,CA-APSRG,iou,20,-0.0011325966219486116,-0.0005855182037859397,0.003057528916246839,6,0,14,55.0,0.06372261047363281,-0.0026014103160696446,-4.386795457568708e-05
r04_local_or_region_to_r05_local_or_region_hybrid_priority,r04_local_or_region,r05_local_or_region_hybrid_priority,CHASEDB1,CA-APSRG,balanced_accuracy,28,-6.211850263292724e-05,-6.761318182585407e-05,0.00032736467008250697,11,0,17,158.0,0.3160962611436844,-0.00018164660519679265,5.724459518959817e-05
r04_local_or_region_to_r05_local_or_region_hybrid_priority,r04_local_or_region,r05_local_or_region_hybrid_priority,DRIVE,CA-APSRG,balanced_accuracy,20,0.0002661113016476591,0.00028901967310007715,0.003940564488431341,13,0,7,94.0,0.7011814117431641,-0.0014041356303545172,0.0020390013576220625
r04_local_or_region_to_r05_local_or_region_hybrid_priority,r04_local_or_region,r05_local_or_region_hybrid_priority,STARE,CA-APSRG,balanced_accuracy,20,-0.0003557987555169562,-0.0002748603888348411,0.0016468301111112285,5,0,15,64.0,0.13272666931152344,-0.0010526920936229991,0.0003373208405591176
r04_local_or_region_to_r05_local_or_region_hybrid_priority,r04_local_or_region,r05_local_or_region_hybrid_priority,CHASEDB1,CA-APSRG,dice,28,-3.127422737913118e-05,-1.0775863811485209e-05,0.0005211051963788273,14,0,14,201.0,0.973184622824192,-0.0002286570377921797,0.00015363201169764425
r04_local_or_region_to_r05_local_or_region_hybrid_priority,r04_local_or_region,r05_local_or_region_hybrid_priority,DRIVE,CA-APSRG,dice,20,0.0005655588480565022,-0.00016222238449992155,0.0039008347369858015,8,0,12,103.0,0.956329345703125,-0.0009139986320062272,0.0023999486936299753
r04_local_or_region_to_r05_local_or_region_hybrid_priority,r04_local_or_region,r05_local_or_region_hybrid_priority,STARE,CA-APSRG,dice,20,-0.0010234948283971313,-0.0005650357540897266,0.002767695813279641,6,0,14,53.0,0.05316925048828125,-0.002273584550580122,-4.179383848566179e-05
r04_local_or_region_to_r06_local_or_region_process_override,r04_local_or_region,r06_local_or_region_process_override,CHASEDB1,APSRG,accuracy,28,0.0,0.0,0.0,0,28,0,0.0,1.0,0.0,0.0
r04_local_or_region_to_r06_local_or_region_process_override,r04_local_or_region,r06_local_or_region_process_override,DRIVE,APSRG,accuracy,20,0.0,0.0,0.0,0,20,0,0.0,1.0,0.0,0.0
r04_local_or_region_to_r06_local_or_region_process_override,r04_local_or_region,r06_local_or_region_process_override,STARE,APSRG,accuracy,20,0.0,0.0,0.0,0,20,0,0.0,1.0,0.0,0.0
r04_local_or_region_to_r06_local_or_region_process_override,r04_local_or_region,r06_local_or_region_process_override,CHASEDB1,APSRG,precision,28,0.0,0.0,0.0,0,28,0,0.0,1.0,0.0,0.0
r04_local_or_region_to_r06_local_or_region_process_override,r04_local_or_region,r06_local_or_region_process_override,DRIVE,APSRG,precision,20,0.0,0.0,0.0,0,20,0,0.0,1.0,0.0,0.0
r04_local_or_region_to_r06_local_or_region_process_override,r04_local_or_region,r06_local_or_region_process_override,STARE,APSRG,precision,20,0.0,0.0,0.0,0,20,0,0.0,1.0,0.0,0.0
r04_local_or_region_to_r06_local_or_region_process_override,r04_local_or_region,r06_local_or_region_process_override,CHASEDB1,APSRG,recall,28,0.0,0.0,0.0,0,28,0,0.0,1.0,0.0,0.0
r04_local_or_region_to_r06_local_or_region_process_override,r04_local_or_region,r06_local_or_region_process_override,DRIVE,APSRG,recall,20,0.0,0.0,0.0,0,20,0,0.0,1.0,0.0,0.0
r04_local_or_region_to_r06_local_or_region_process_override,r04_local_or_region,r06_local_or_region_process_override,STARE,APSRG,recall,20,0.0,0.0,0.0,0,20,0,0.0,1.0,0.0,0.0
r04_local_or_region_to_r06_local_or_region_process_override,r04_local_or_region,r06_local_or_region_process_override,CHASEDB1,APSRG,specificity,28,0.0,0.0,0.0,0,28,0,0.0,1.0,0.0,0.0
r04_local_or_region_to_r06_local_or_region_process_override,r04_local_or_region,r06_local_or_region_process_override,DRIVE,APSRG,specificity,20,0.0,0.0,0.0,0,20,0,0.0,1.0,0.0,0.0
r04_local_or_region_to_r06_local_or_region_process_override,r04_local_or_region,r06_local_or_region_process_override,STARE,APSRG,specificity,20,0.0,0.0,0.0,0,20,0,0.0,1.0,0.0,0.0
r04_local_or_region_to_r06_local_or_region_process_override,r04_local_or_region,r06_local_or_region_process_override,CHASEDB1,APSRG,f1_score,28,0.0,0.0,0.0,0,28,0,0.0,1.0,0.0,0.0
r04_local_or_region_to_r06_local_or_region_process_override,r04_local_or_region,r06_local_or_region_process_override,DRIVE,APSRG,f1_score,20,0.0,0.0,0.0,0,20,0,0.0,1.0,0.0,0.0
r04_local_or_region_to_r06_local_or_region_process_override,r04_local_or_region,r06_local_or_region_process_override,STARE,APSRG,f1_score,20,0.0,0.0,0.0,0,20,0,0.0,1.0,0.0,0.0
r04_local_or_region_to_r06_local_or_region_process_override,r04_local_or_region,r06_local_or_region_process_override,CHASEDB1,APSRG,iou,28,0.0,0.0,0.0,0,28,0,0.0,1.0,0.0,0.0
r04_local_or_region_to_r06_local_or_region_process_override,r04_local_or_region,r06_local_or_region_process_override,DRIVE,APSRG,iou,20,0.0,0.0,0.0,0,20,0,0.0,1.0,0.0,0.0
r04_local_or_region_to_r06_local_or_region_process_override,r04_local_or_region,r06_local_or_region_process_override,STARE,APSRG,iou,20,0.0,0.0,0.0,0,20,0,0.0,1.0,0.0,0.0
r04_local_or_region_to_r06_local_or_region_process_override,r04_local_or_region,r06_local_or_region_process_override,CHASEDB1,APSRG,balanced_accuracy,28,0.0,0.0,0.0,0,28,0,0.0,1.0,0.0,0.0
r04_local_or_region_to_r06_local_or_region_process_override,r04_local_or_region,r06_local_or_region_process_override,DRIVE,APSRG,balanced_accuracy,20,0.0,0.0,0.0,0,20,0,0.0,1.0,0.0,0.0
r04_local_or_region_to_r06_local_or_region_process_override,r04_local_or_region,r06_local_or_region_process_override,STARE,APSRG,balanced_accuracy,20,0.0,0.0,0.0,0,20,0,0.0,1.0,0.0,0.0
r04_local_or_region_to_r06_local_or_region_process_override,r04_local_or_region,r06_local_or_region_process_override,CHASEDB1,APSRG,dice,28,0.0,0.0,0.0,0,28,0,0.0,1.0,0.0,0.0
r04_local_or_region_to_r06_local_or_region_process_override,r04_local_or_region,r06_local_or_region_process_override,DRIVE,APSRG,dice,20,0.0,0.0,0.0,0,20,0,0.0,1.0,0.0,0.0
r04_local_or_region_to_r06_local_or_region_process_override,r04_local_or_region,r06_local_or_region_process_override,STARE,APSRG,dice,20,0.0,0.0,0.0,0,20,0,0.0,1.0,0.0,0.0
r04_local_or_region_to_r06_local_or_region_process_override,r04_local_or_region,r06_local_or_region_process_override,CHASEDB1,CA-APSRG,accuracy,28,0.0,0.0,0.0,0,28,0,0.0,1.0,0.0,0.0
r04_local_or_region_to_r06_local_or_region_process_override,r04_local_or_region,r06_local_or_region_process_override,DRIVE,CA-APSRG,accuracy,20,0.0,0.0,0.0,0,20,0,0.0,1.0,0.0,0.0
r04_local_or_region_to_r06_local_or_region_process_override,r04_local_or_region,r06_local_or_region_process_override,STARE,CA-APSRG,accuracy,20,0.0,0.0,0.0,0,20,0,0.0,1.0,0.0,0.0
r04_local_or_region_to_r06_local_or_region_process_override,r04_local_or_region,r06_local_or_region_process_override,CHASEDB1,CA-APSRG,precision,28,0.0,0.0,0.0,0,28,0,0.0,1.0,0.0,0.0
r04_local_or_region_to_r06_local_or_region_process_override,r04_local_or_region,r06_local_or_region_process_override,DRIVE,CA-APSRG,precision,20,0.0,0.0,0.0,0,20,0,0.0,1.0,0.0,0.0
r04_local_or_region_to_r06_local_or_region_process_override,r04_local_or_region,r06_local_or_region_process_override,STARE,CA-APSRG,precision,20,0.0,0.0,0.0,0,20,0,0.0,1.0,0.0,0.0
r04_local_or_region_to_r06_local_or_region_process_override,r04_local_or_region,r06_local_or_region_process_override,CHASEDB1,CA-APSRG,recall,28,0.0,0.0,0.0,0,28,0,0.0,1.0,0.0,0.0
r04_local_or_region_to_r06_local_or_region_process_override,r04_local_or_region,r06_local_or_region_process_override,DRIVE,CA-APSRG,recall,20,0.0,0.0,0.0,0,20,0,0.0,1.0,0.0,0.0
r04_local_or_region_to_r06_local_or_region_process_override,r04_local_or_region,r06_local_or_region_process_override,STARE,CA-APSRG,recall,20,0.0,0.0,0.0,0,20,0,0.0,1.0,0.0,0.0
r04_local_or_region_to_r06_local_or_region_process_override,r04_local_or_region,r06_local_or_region_process_override,CHASEDB1,CA-APSRG,specificity,28,0.0,0.0,0.0,0,28,0,0.0,1.0,0.0,0.0
r04_local_or_region_to_r06_local_or_region_process_override,r04_local_or_region,r06_local_or_region_process_override,DRIVE,CA-APSRG,specificity,20,0.0,0.0,0.0,0,20,0,0.0,1.0,0.0,0.0
r04_local_or_region_to_r06_local_or_region_process_override,r04_local_or_region,r06_local_or_region_process_override,STARE,CA-APSRG,specificity,20,0.0,0.0,0.0,0,20,0,0.0,1.0,0.0,0.0
r04_local_or_region_to_r06_local_or_region_process_override,r04_local_or_region,r06_local_or_region_process_override,CHASEDB1,CA-APSRG,f1_score,28,0.0,0.0,0.0,0,28,0,0.0,1.0,0.0,0.0
r04_local_or_region_to_r06_local_or_region_process_override,r04_local_or_region,r06_local_or_region_process_override,DRIVE,CA-APSRG,f1_score,20,0.0,0.0,0.0,0,20,0,0.0,1.0,0.0,0.0
r04_local_or_region_to_r06_local_or_region_process_override,r04_local_or_region,r06_local_or_region_process_override,STARE,CA-APSRG,f1_score,20,0.0,0.0,0.0,0,20,0,0.0,1.0,0.0,0.0
r04_local_or_region_to_r06_local_or_region_process_override,r04_local_or_region,r06_local_or_region_process_override,CHASEDB1,CA-APSRG,iou,28,0.0,0.0,0.0,0,28,0,0.0,1.0,0.0,0.0
r04_local_or_region_to_r06_local_or_region_process_override,r04_local_or_region,r06_local_or_region_process_override,DRIVE,CA-APSRG,iou,20,0.0,0.0,0.0,0,20,0,0.0,1.0,0.0,0.0
r04_local_or_region_to_r06_local_or_region_process_override,r04_local_or_region,r06_local_or_region_process_override,STARE,CA-APSRG,iou,20,0.0,0.0,0.0,0,20,0,0.0,1.0,0.0,0.0
r04_local_or_region_to_r06_local_or_region_process_override,r04_local_or_region,r06_local_or_region_process_override,CHASEDB1,CA-APSRG,balanced_accuracy,28,0.0,0.0,0.0,0,28,0,0.0,1.0,0.0,0.0
r04_local_or_region_to_r06_local_or_region_process_override,r04_local_or_region,r06_local_or_region_process_override,DRIVE,CA-APSRG,balanced_accuracy,20,0.0,0.0,0.0,0,20,0,0.0,1.0,0.0,0.0
r04_local_or_region_to_r06_local_or_region_process_override,r04_local_or_region,r06_local_or_region_process_override,STARE,CA-APSRG,balanced_accuracy,20,0.0,0.0,0.0,0,20,0,0.0,1.0,0.0,0.0
r04_local_or_region_to_r06_local_or_region_process_override,r04_local_or_region,r06_local_or_region_process_override,CHASEDB1,CA-APSRG,dice,28,0.0,0.0,0.0,0,28,0,0.0,1.0,0.0,0.0
r04_local_or_region_to_r06_local_or_region_process_override,r04_local_or_region,r06_local_or_region_process_override,DRIVE,CA-APSRG,dice,20,0.0,0.0,0.0,0,20,0,0.0,1.0,0.0,0.0
r04_local_or_region_to_r06_local_or_region_process_override,r04_local_or_region,r06_local_or_region_process_override,STARE,CA-APSRG,dice,20,0.0,0.0,0.0,0,20,0,0.0,1.0,0.0,0.0
