dataset,image_id,method,accuracy,precision,recall,specificity,f1_score,iou,false_positive_rate,false_negative_rate,balanced_accuracy,dice
CHASEDB1,Image_01L,APSRG Baseline,0.9360464631297964,0.7962429288077703,0.1115347237796217,0.9978602372906054,0.1956618669184567,0.1084396895078059,0.0021397627093946,0.8884652762203783,0.5546974805351136,0.1956618669184567
CHASEDB1,Image_01L,CA-APSRG,0.9360464631297964,0.7962429288077703,0.1115347237796217,0.9978602372906054,0.1956618669184567,0.1084396895078059,0.0021397627093946,0.8884652762203783,0.5546974805351136,0.1956618669184567
CHASEDB1,Image_01R,APSRG Baseline,0.9254483650316984,0.6472527472527473,0.0404321919876987,0.9981889004989832,0.0761099912131079,0.0395604690837284,0.0018110995010166,0.9595678080123012,0.519310546243341,0.0761099912131079
CHASEDB1,Image_01R,CA-APSRG,0.9254483650316984,0.6472527472527473,0.0404321919876987,0.9981889004989832,0.0761099912131079,0.0395604690837284,0.0018110995010166,0.9595678080123012,0.519310546243341,0.0761099912131079
CHASEDB1,Image_02L,APSRG Baseline,0.9222774858191524,0.7770646850194224,0.0591236186070418,0.9985020766664398,0.1098864355572539,0.0581374778872883,0.0014979233335602,0.940876381392958,0.5288128476367409,0.1098864355572539
CHASEDB1,Image_02L,CA-APSRG,0.9222774858191524,0.7770646850194224,0.0591236186070418,0.9985020766664398,0.1098864355572539,0.0581374778872883,0.0014979233335602,0.940876381392958,0.5288128476367409,0.1098864355572539
CHASEDB1,Image_02R,APSRG Baseline,0.9239020270270272,0.7242189335212591,0.0411670449993323,0.998672171011706,0.0779056691978217,0.0405316575515355,0.0013278289882938,0.9588329550006676,0.5199196080055193,0.0779056691978217
CHASEDB1,Image_02R,CA-APSRG,0.9239020270270272,0.7242189335212591,0.0411670449993323,0.998672171011706,0.0779056691978217,0.0405316575515355,0.0013278289882938,0.9588329550006676,0.5199196080055193,0.0779056691978217
CHASEDB1,Image_03L,APSRG Baseline,0.9324532866199532,0.8553978435921933,0.1666976966859939,0.997602518091428,0.2790205898720089,0.1621289529845437,0.0023974819085721,0.833302303314006,0.5821501073887109,0.2790205898720089
CHASEDB1,Image_03L,CA-APSRG,0.9324532866199532,0.8553978435921933,0.1666976966859939,0.997602518091428,0.2790205898720089,0.1621289529845437,0.0023974819085721,0.833302303314006,0.5821501073887109,0.2790205898720089
CHASEDB1,Image_03R,APSRG Baseline,0.9327556723390056,0.7346310869179339,0.1714419850595821,0.9949414573790996,0.2780054185978818,0.1614438405325982,0.0050585426209002,0.8285580149404178,0.5831917212193409,0.2780054185978818
CHASEDB1,Image_03R,CA-APSRG,0.9327556723390056,0.7346310869179339,0.1714419850595821,0.9949414573790996,0.2780054185978818,0.1614438405325982,0.0050585426209002,0.8285580149404178,0.5831917212193409,0.2780054185978818
CHASEDB1,Image_04L,APSRG Baseline,0.9229104104104104,0.7982625482625483,0.0220040442741592,0.9995270808442852,0.042827550491973,0.0218823591670415,0.0004729191557148,0.9779959557258407,0.5107655625592221,0.042827550491973
CHASEDB1,Image_04L,CA-APSRG,0.9229104104104104,0.7982625482625483,0.0220040442741592,0.9995270808442852,0.042827550491973,0.0218823591670415,0.0004729191557148,0.9779959557258407,0.5107655625592221,0.042827550491973
CHASEDB1,Image_04R,APSRG Baseline,0.9257048715382048,0.6838718901915928,0.0647892284351972,0.997502304522286,0.1183647207305303,0.0629052410074307,0.0024976954777139,0.9352107715648028,0.5311457664787417,0.1183647207305303
CHASEDB1,Image_04R,CA-APSRG,0.9257048715382048,0.6838718901915928,0.0647892284351972,0.997502304522286,0.1183647207305303,0.0629052410074307,0.0024976954777139,0.9352107715648028,0.5311457664787417,0.1183647207305303
CHASEDB1,Image_05L,APSRG Baseline,0.9271792625959292,0.8339717631607749,0.1003410542394753,0.9982821858024978,0.1791297397682127,0.0983758940328952,0.0017178141975022,0.8996589457605246,0.5493116200209867,0.1791297397682127
CHASEDB1,Image_05L,CA-APSRG,0.9271792625959292,0.8339717631607749,0.1003410542394753,0.9982821858024978,0.1791297397682127,0.0983758940328952,0.0017178141975022,0.8996589457605246,0.5493116200209867,0.1791297397682127
CHASEDB1,Image_05R,APSRG Baseline,0.9278111444778112,0.8433788188497873,0.1869390054247333,0.9967687778457835,0.3060422597329698,0.1806669980354564,0.0032312221542164,0.8130609945752666,0.5918538916352585,0.3060422597329698
CHASEDB1,Image_05R,CA-APSRG,0.9278111444778112,0.8433788188497873,0.1869390054247333,0.9967687778457835,0.3060422597329698,0.1806669980354564,0.0032312221542164,0.8130609945752666,0.5918538916352585,0.3060422597329698
CHASEDB1,Image_06L,APSRG Baseline,0.9266735485485486,0.8703170028818443,0.0374194614240872,0.9995430977297034,0.0717538510276006,0.0372119768349283,0.0004569022702966,0.9625805385759127,0.5184812795768953,0.0717538510276006
CHASEDB1,Image_06L,CA-APSRG,0.9266735485485486,0.8703170028818443,0.0374194614240872,0.9995430977297034,0.0717538510276006,0.0372119768349283,0.0004569022702966,0.9625805385759127,0.5184812795768953,0.0717538510276006
CHASEDB1,Image_06R,APSRG Baseline,0.9271677927927928,0.8467654499457896,0.0326468621112473,0.9995221307558448,0.0628697927148319,0.032455119680851,0.0004778692441551,0.9673531378887528,0.5160844964335461,0.0628697927148319
CHASEDB1,Image_06R,CA-APSRG,0.9271677927927928,0.8467654499457896,0.0326468621112473,0.9995221307558448,0.0628697927148319,0.032455119680851,0.0004778692441551,0.9673531378887528,0.5160844964335461,0.0628697927148319
CHASEDB1,Image_07L,APSRG Baseline,0.9235756589923256,0.5795493149133734,0.0685149734266857,0.9958013933539211,0.1225427989943732,0.0652706218435953,0.0041986066460788,0.9314850265733142,0.5321581833903034,0.1225427989943732
CHASEDB1,Image_07L,CA-APSRG,0.9235756589923256,0.5795493149133734,0.0685149734266857,0.9958013933539211,0.1225427989943732,0.0652706218435953,0.0041986066460788,0.9314850265733142,0.5321581833903034,0.1225427989943732
CHASEDB1,Image_07R,APSRG Baseline,0.9275296129462796,0.7164626530102424,0.0786098015568468,0.9974381314385288,0.1416751055894484,0.0762380711874318,0.0025618685614713,0.9213901984431532,0.5380239664976878,0.1416751055894484
CHASEDB1,Image_07R,CA-APSRG,0.9275296129462796,0.7164626530102424,0.0786098015568468,0.9974381314385288,0.1416751055894484,0.0762380711874318,0.0025618685614713,0.9213901984431532,0.5380239664976878,0.1416751055894484
CHASEDB1,Image_08L,APSRG Baseline,0.9422589255922588,0.7610299890092637,0.1562892980363073,0.9966065189618,0.2593226686640629,0.1489780236668203,0.0033934810382,0.8437107019636927,0.5764479084990537,0.2593226686640629
CHASEDB1,Image_08L,CA-APSRG,0.9422589255922588,0.7610299890092637,0.1562892980363073,0.9966065189618,0.2593226686640629,0.1489780236668203,0.0033934810382,0.8437107019636927,0.5764479084990537,0.2593226686640629
CHASEDB1,Image_08R,APSRG Baseline,0.947118993993994,0.8351259181532005,0.2089767785345039,0.9972007727381542,0.3343003032172532,0.2006966224841999,0.0027992272618457,0.791023221465496,0.6030887756363291,0.3343003032172532
CHASEDB1,Image_08R,CA-APSRG,0.947118993993994,0.8351259181532005,0.2089767785345039,0.9972007727381542,0.3343003032172532,0.2006966224841999,0.0027992272618457,0.791023221465496,0.6030887756363291,0.3343003032172532
CHASEDB1,Image_09L,APSRG Baseline,0.9613457207207208,0.6970917225950783,0.417401698128761,0.9903340523395524,0.5221516131942923,0.3533187963366768,0.0096659476604474,0.582598301871239,0.7038678752341567,0.5221516131942923
CHASEDB1,Image_09L,CA-APSRG,0.961305055055055,0.6967117055011719,0.4165567554199983,0.9903362488962304,0.5213836153528684,0.3526158784432078,0.0096637511037697,0.5834432445800016,0.7034465021581143,0.5213836153528684
CHASEDB1,Image_09R,APSRG Baseline,0.957007007007007,0.6317324721325138,0.372641799299453,0.988348983378762,0.468769325912183,0.3061389337641357,0.0116510166212381,0.6273582007005469,0.6804953913391074,0.468769325912183
CHASEDB1,Image_09R,CA-APSRG,0.957007007007007,0.6317324721325138,0.372641799299453,0.988348983378762,0.468769325912183,0.3061389337641357,0.0116510166212381,0.6273582007005469,0.6804953913391074,0.468769325912183
CHASEDB1,Image_10L,APSRG Baseline,0.9356856856856856,0.3243539202803329,0.0246521073307144,0.9965682719219012,0.0458216020543918,0.0234480138059878,0.0034317280780987,0.9753478926692856,0.5106101896263078,0.0458216020543918
CHASEDB1,Image_10L,CA-APSRG,0.9356856856856856,0.3243539202803329,0.0246521073307144,0.9965682719219012,0.0458216020543918,0.0234480138059878,0.0034317280780987,0.9753478926692856,0.5106101896263078,0.0458216020543918
CHASEDB1,Image_10R,APSRG Baseline,0.9415352852852852,0.8167338322778738,0.0716848292937629,0.9989384984922232,0.1318014307392152,0.0705500116036203,0.0010615015077767,0.928315170706237,0.5353116638929931,0.1318014307392152
CHASEDB1,Image_10R,CA-APSRG,0.9415352852852852,0.8167338322778738,0.0716848292937629,0.9989384984922232,0.1318014307392152,0.0705500116036203,0.0010615015077767,0.928315170706237,0.5353116638929931,0.1318014307392152
CHASEDB1,Image_11L,APSRG Baseline,0.9470543460126792,0.5138349514563106,0.1242395195524169,0.9933815827588524,0.2000976700956221,0.1111714045651869,0.0066184172411476,0.8757604804475831,0.5588105511556346,0.2000976700956221
CHASEDB1,Image_11L,CA-APSRG,0.9470543460126792,0.5138349514563106,0.1242395195524169,0.9933815827588524,0.2000976700956221,0.1111714045651869,0.0066184172411476,0.8757604804475831,0.5588105511556346,0.2000976700956221
CHASEDB1,Image_11R,APSRG Baseline,0.9568954371037705,0.6156917406917407,0.5096708583497936,0.982082966647465,0.5576871636297493,0.3866617210682492,0.017917033352535,0.4903291416502063,0.7458769124986293,0.5576871636297493
CHASEDB1,Image_11R,CA-APSRG,0.9568818818818818,0.6155736736381898,0.5094166194042986,0.982082966647465,0.5574865165653625,0.3864688427299703,0.017917033352535,0.4905833805957014,0.7457497930258818,0.5574865165653625
CHASEDB1,Image_12L,APSRG Baseline,0.9329683850517184,0.8419308357348703,0.0846419052033839,0.9987674268096468,0.153819828357816,0.0833178856108029,0.0012325731903533,0.915358094796616,0.5417046660065153,0.153819828357816
CHASEDB1,Image_12L,CA-APSRG,0.9329683850517184,0.8419308357348703,0.0846419052033839,0.9987674268096468,0.153819828357816,0.0833178856108029,0.0012325731903533,0.915358094796616,0.5417046660065153,0.153819828357816
CHASEDB1,Image_12R,APSRG Baseline,0.9353666166166166,0.6830213040671401,0.2251351236328042,0.9917112055722308,0.3386466935535497,0.2038378545006165,0.0082887944277693,0.7748648763671958,0.6084231646025174,0.3386466935535497
CHASEDB1,Image_12R,CA-APSRG,0.9353666166166166,0.6830213040671401,0.2251351236328042,0.9917112055722308,0.3386466935535497,0.2038378545006165,0.0082887944277693,0.7748648763671958,0.6084231646025174,0.3386466935535497
CHASEDB1,Image_13L,APSRG Baseline,0.939553094761428,0.6666666666666666,0.0343482978434829,0.9988745144746548,0.0653306031633426,0.0337683550844208,0.001125485525345,0.965651702156517,0.516611406159069,0.0653306031633426
CHASEDB1,Image_13L,CA-APSRG,0.939553094761428,0.6666666666666666,0.0343482978434829,0.9988745144746548,0.0653306031633426,0.0337683550844208,0.001125485525345,0.965651702156517,0.516611406159069,0.0653306031633426
CHASEDB1,Image_13R,APSRG Baseline,0.9379827744411078,0.7360197368421053,0.0295257731958762,0.999285408191092,0.0567740298460123,0.0292163807596259,0.0007145918089079,0.9704742268041238,0.5144055906934842,0.0567740298460123
CHASEDB1,Image_13R,CA-APSRG,0.9379827744411078,0.7360197368421053,0.0295257731958762,0.999285408191092,0.0567740298460123,0.0292163807596259,0.0007145918089079,0.9704742268041238,0.5144055906934842,0.0567740298460123
CHASEDB1,Image_14L,APSRG Baseline,0.941013930597264,0.7763535264852209,0.2009301198248829,0.995721293981033,0.3192375267756143,0.1899361342612481,0.0042787060189669,0.799069880175117,0.598325706902958,0.3192375267756143
CHASEDB1,Image_14L,CA-APSRG,0.941013930597264,0.7763535264852209,0.2009301198248829,0.995721293981033,0.3192375267756143,0.1899361342612481,0.0042787060189669,0.799069880175117,0.598325706902958,0.3192375267756143
CHASEDB1,Image_14R,APSRG Baseline,0.9537443693693692,0.6896674200839522,0.3806697677734409,0.9893557758012516,0.490566037735849,0.325,0.0106442241987482,0.619330232226559,0.6850127717873463,0.490566037735849
CHASEDB1,Image_14R,CA-APSRG,0.9537287287287288,0.6895660322486832,0.380331141171648,0.9893602058186064,0.4902591435397905,0.3247306592001948,0.0106397941813937,0.619668858828352,0.6848456734951271,0.4902591435397905
DRIVE,21,APSRG Baseline,0.9211923758865248,0.9117823324943066,0.3086004056795132,0.996337397362528,0.4611281180856545,0.2996533522413929,0.003662602637472,0.6913995943204868,0.6524689015210206,0.4611281180856545
DRIVE,21,CA-APSRG,0.9211081560283688,0.9115809706871696,0.3078296146044624,0.996337397362528,0.460241402316977,0.2989049082171275,0.003662602637472,0.6921703853955375,0.6520835059834953,0.460241402316977
DRIVE,22,APSRG Baseline,0.9014871357922754,0.8463996991915773,0.3021476510067114,0.99174272055628,0.4453237054255898,0.2864414328434179,0.0082572794437201,0.6978523489932886,0.6469451857814956,0.4453237054255898
DRIVE,22,CA-APSRG,0.9014651757244626,0.8464578041208016,0.3019127516778523,0.9917528273854644,0.445076553958792,0.2862369559684398,0.0082471726145356,0.6980872483221476,0.6468327895316583,0.445076553958792
DRIVE,23,APSRG Baseline,0.8938589840788476,0.2575464396284829,0.0612968591691995,0.9814164563889708,0.0990253701361505,0.0520918946420883,0.018583543611029,0.9387031408308004,0.5213566577790852,0.0990253701361505
DRIVE,23,CA-APSRG,0.8938589840788476,0.2575464396284829,0.0612968591691995,0.9814164563889708,0.0990253701361505,0.0520918946420883,0.018583543611029,0.9387031408308004,0.5213566577790852,0.0990253701361505
DRIVE,24,APSRG Baseline,0.883456434487059,0.9064828354571408,0.3406515766060447,0.9929133401227368,0.4952069385270846,0.3290864047727387,0.007086659877263,0.6593484233939553,0.6667824583643909,0.4952069385270846
DRIVE,24,CA-APSRG,0.8833861746133511,0.9063785291042176,0.3402328928431244,0.9929133401227368,0.4947488584474885,0.3286819353860155,0.007086659877263,0.6597671071568756,0.6665731164829307,0.4947488584474885
DRIVE,25,APSRG Baseline,0.9105963177663814,0.7944522362474676,0.4830090955027792,0.9797800692904372,0.6007659825198861,0.4293534712669493,0.0202199307095626,0.5169909044972208,0.7313945823966083,0.6007659825198861
DRIVE,25,CA-APSRG,0.910486360957416,0.7941849578695517,0.4822195553309752,0.9797800692904372,0.6000786009039104,0.4286516380786614,0.0202199307095626,0.5177804446690247,0.7309998123107062,0.6000786009039104
DRIVE,26,APSRG Baseline,0.9142217404439074,0.7906844646407271,0.4050043642711667,0.9850806696491832,0.5356421356421357,0.3657863618446985,0.0149193303508168,0.5949956357288333,0.6950425169601749,0.5356421356421357
DRIVE,26,CA-APSRG,0.9141728715369716,0.7910585890225671,0.4041315100378236,0.985146460454665,0.5349637724767109,0.365153954848674,0.0148535395453349,0.5958684899621763,0.6946389852462443,0.5349637724767109
DRIVE,27,APSRG Baseline,0.9082238199327556,0.8209342560553633,0.3590863747377111,0.9885436844356116,0.4996290712422523,0.3330037003955595,0.0114563155643883,0.6409136252622889,0.6738150295866614,0.4996290712422523
DRIVE,27,CA-APSRG,0.9082238199327556,0.8209342560553633,0.3590863747377111,0.9885436844356116,0.4996290712422523,0.3330037003955595,0.0114563155643883,0.6409136252622889,0.6738150295866614,0.4996290712422523
DRIVE,28,APSRG Baseline,0.8886097999797649,0.9480806766428108,0.2262100655096401,0.9979550835904428,0.3652679600942498,0.2234421000981354,0.0020449164095572,0.7737899344903598,0.6120825745500414,0.3652679600942498
DRIVE,28,CA-APSRG,0.8885526136358638,0.947992700729927,0.2258064516129032,0.9979550835904428,0.3647350868834783,0.2230434249263984,0.0020449164095572,0.7741935483870968,0.611880767601673,0.3647350868834783
DRIVE,29,APSRG Baseline,0.9226207497283434,0.810728063192701,0.4773235272910808,0.9845117777633022,0.6008758991581383,0.4294657627558467,0.0154882222366977,0.5226764727089191,0.7309176525271915,0.6008758991581383
DRIVE,29,CA-APSRG,0.9226207497283434,0.810728063192701,0.4773235272910808,0.9845117777633022,0.6008758991581383,0.4294657627558467,0.0154882222366977,0.5226764727089191,0.7309176525271915,0.6008758991581383
DRIVE,30,APSRG Baseline,0.905037864287003,0.9045197740112996,0.1856088418286509,0.997482396639223,0.3080129541154968,0.1820421467556094,0.002517603360777,0.8143911581713491,0.591545619233937,0.3080129541154968
DRIVE,30,CA-APSRG,0.905037864287003,0.9045197740112996,0.1856088418286509,0.997482396639223,0.3080129541154968,0.1820421467556094,0.002517603360777,0.8143911581713491,0.591545619233937,0.3080129541154968
DRIVE,31,APSRG Baseline,0.9157799043482462,0.6740812379110251,0.0700608131879177,0.996756559065273,0.1269292055542909,0.0677653006659861,0.0032434409347269,0.9299391868120822,0.5334086861265954,0.1269292055542909
DRIVE,31,CA-APSRG,0.9157799043482462,0.6740812379110251,0.0700608131879177,0.996756559065273,0.1269292055542909,0.0677653006659861,0.0032434409347269,0.9299391868120822,0.5334086861265954,0.1269292055542909
DRIVE,32,APSRG Baseline,0.9153078099438082,0.8822903569010543,0.338403323935302,0.9938531628179486,0.4891808553425392,0.3237851843964079,0.0061468371820514,0.6615966760646981,0.6661282433766252,0.4891808553425392
DRIVE,32,CA-APSRG,0.9153078099438082,0.8822903569010543,0.338403323935302,0.9938531628179486,0.4891808553425392,0.3237851843964079,0.0061468371820514,0.6615966760646981,0.6661282433766252,0.4891808553425392
DRIVE,33,APSRG Baseline,0.9257128805908544,0.8687013673793156,0.4310131564151579,0.9913557711915408,0.5761599358653172,0.4046521448428757,0.0086442288084592,0.568986843584842,0.7111844638033494,0.5761599358653172
DRIVE,33,CA-APSRG,0.925668970483626,0.8686021017615484,0.4306383297724802,0.9913557711915408,0.5758031373728262,0.404300242812401,0.0086442288084592,0.5693616702275198,0.7109970504820106,0.5758031373728262
DRIVE,34,APSRG Baseline,0.8799251352950005,0.8631624053706614,0.1871651128937343,0.9950683380093176,0.3076257381388719,0.181771694991728,0.0049316619906823,0.8128348871062657,0.5911167254515259,0.3076257381388719
DRIVE,34,CA-APSRG,0.8797794669421123,0.8627225732337737,0.1860810852665159,0.9950786337546008,0.3061323278387812,0.1807297776975603,0.004921366245399,0.8139189147334841,0.5905798595105585,0.3061323278387812
DRIVE,35,APSRG Baseline,0.8995765354980979,0.9236776189774568,0.2191038725010485,0.9973974295848952,0.3541907963501793,0.2152076896670099,0.0026025704151049,0.7808961274989515,0.6082506510429718,0.3541907963501793
DRIVE,35,CA-APSRG,0.8995018581481774,0.9234859675036928,0.2185097162029917,0.9973974295848952,0.3534000339155503,0.2146240988671472,0.0026025704151049,0.7814902837970082,0.6079535728939434,0.3534000339155503
DRIVE,36,APSRG Baseline,0.8933574512470458,0.867116123747716,0.3835135436406198,0.9889773327131232,0.5318133513670177,0.3622246203247967,0.0110226672868768,0.6164864563593803,0.6862454381768714,0.5318133513670177
DRIVE,36,CA-APSRG,0.8932298199518522,0.8668728695871734,0.3827053840151599,0.9889773327131232,0.5309902176854967,0.3614613218224409,0.0110226672868768,0.61729461598484,0.6858413583641416,0.5309902176854967
DRIVE,37,APSRG Baseline,0.8874534522373738,0.8876777251184834,0.1298845393710342,0.9976102246086364,0.2266114152626962,0.1277844107112399,0.0023897753913635,0.8701154606289657,0.5637473819898353,0.2266114152626962
DRIVE,37,CA-APSRG,0.8874534522373738,0.8876777251184834,0.1298845393710342,0.9976102246086364,0.2266114152626962,0.1277844107112399,0.0023897753913635,0.8701154606289657,0.5637473819898353,0.2266114152626962
DRIVE,38,APSRG Baseline,0.895386873187637,0.8893024761288234,0.1929627418618534,0.9965410347565324,0.3171168051708218,0.1884366105414766,0.0034589652434676,0.8070372581381465,0.5947518883091929,0.3171168051708218
DRIVE,38,CA-APSRG,0.8952631020581371,0.888798569338319,0.191979492221793,0.9965410347565324,0.3157560355781448,0.1874764239909468,0.0034589652434676,0.808020507778207,0.5942602634891627,0.3157560355781448
DRIVE,39,APSRG Baseline,0.916715026817902,0.8100356059607016,0.4333639057429095,0.9855307565591224,0.564645861102174,0.3933843542860802,0.0144692434408774,0.5666360942570905,0.709447331151016,0.564645861102174
DRIVE,39,CA-APSRG,0.9166270992702014,0.8098256735340729,0.4326231127416396,0.9855357788581302,0.5639657868113676,0.3927244780325349,0.0144642211418699,0.5673768872583603,0.7090794457998849,0.5639657868113676
DRIVE,40,APSRG Baseline,0.92239199203433,0.8765935747067822,0.3438,0.9940091298880054,0.4938945553799741,0.3279282716520412,0.0059908701119946,0.6562,0.6689045649440026,0.4938945553799741
DRIVE,40,CA-APSRG,0.9223435283336416,0.8764549724321012,0.34336,0.9940091298880054,0.4934184054722078,0.3275085845097291,0.0059908701119946,0.65664,0.6686845649440027,0.4934184054722078
STARE,im0001,APSRG Baseline,0.9161157024793388,0.0710735586481113,0.0042308944051599,0.995204015386155,0.0079863729021808,0.0040091959179096,0.0047959846138449,0.99576910559484,0.4997174548956574,0.0079863729021808
STARE,im0001,CA-APSRG,0.9161157024793388,0.0710735586481113,0.0042308944051599,0.995204015386155,0.0079863729021808,0.0040091959179096,0.0047959846138449,0.99576910559484,0.4997174548956574,0.0079863729021808
STARE,im0002,APSRG Baseline,0.9256906729634002,0.1009533121486189,0.014642793830881,0.9906955564831328,0.0255759227148872,0.0129536116425681,0.0093044435168671,0.9853572061691188,0.5026691751570069,0.0255759227148872
STARE,im0002,CA-APSRG,0.9256906729634002,0.1009533121486189,0.014642793830881,0.9906955564831328,0.0255759227148872,0.0129536116425681,0.0093044435168671,0.9853572061691188,0.5026691751570069,0.0255759227148872
STARE,im0003,APSRG Baseline,0.9393223140495868,0.4382456140350877,0.0492799368711777,0.9959789529203452,0.0885972690193296,0.0463519631856305,0.0040210470796549,0.9507200631288224,0.5226294448957615,0.0885972690193296
STARE,im0003,CA-APSRG,0.9393223140495868,0.4382456140350877,0.0492799368711777,0.9959789529203452,0.0885972690193296,0.0463519631856305,0.0040210470796549,0.9507200631288224,0.5226294448957615,0.0885972690193296
STARE,im0004,APSRG Baseline,0.9381676505312868,0.8127777110604059,0.2155757286192068,0.9960240241771976,0.340768339962741,0.2053771924500819,0.0039759758228025,0.7844242713807931,0.6057998763982022,0.340768339962741
STARE,im0004,CA-APSRG,0.9381676505312868,0.8127777110604059,0.2155757286192068,0.9960240241771976,0.340768339962741,0.2053771924500819,0.0039759758228025,0.7844242713807931,0.6057998763982022,0.340768339962741
STARE,im0005,APSRG Baseline,0.9262432113341204,0.8417875571998832,0.2259978566014062,0.9957818831231195,0.3563303659742829,0.2167895291108771,0.0042181168768803,0.7740021433985937,0.610889869862263,0.3563303659742829
STARE,im0005,CA-APSRG,0.9262432113341204,0.8417875571998832,0.2259978566014062,0.9957818831231195,0.3563303659742829,0.2167895291108771,0.0042181168768803,0.7740021433985937,0.610889869862263,0.3563303659742829
STARE,im0044,APSRG Baseline,0.9502290436835892,0.6831114591490473,0.5323433685923515,0.9815128780418472,0.5983765862581456,0.4269168026101141,0.0184871219581527,0.4676566314076485,0.7569281233170995,0.5983765862581456
STARE,im0044,CA-APSRG,0.9502573789846516,0.6834682684774093,0.5323433685923515,0.9815433345854356,0.5985134362492853,0.427056135770235,0.0184566654145643,0.4676566314076485,0.7569433515888936,0.5985134362492853
STARE,im0077,APSRG Baseline,0.9510153482880755,0.8805952930318413,0.4497805014584131,0.9946862991228544,0.5954326501160364,0.4239260226042042,0.0053137008771456,0.5502194985415869,0.7222334002906338,0.5954326501160364
STARE,im0077,CA-APSRG,0.9510153482880755,0.8805952930318413,0.4497805014584131,0.9946862991228544,0.5954326501160364,0.4239260226042042,0.0053137008771456,0.5502194985415869,0.7222334002906338,0.5954326501160364
STARE,im0081,APSRG Baseline,0.9492349468713104,0.6640716231996886,0.6475407243397122,0.973573880092374,0.6557020002242044,0.4877653617974316,0.0264261199076259,0.3524592756602878,0.810557302216043,0.6557020002242044
STARE,im0081,CA-APSRG,0.9492774498229044,0.6644595910418695,0.6475407243397122,0.9736198119346235,0.6558910692831398,0.4879746382857006,0.0263801880653763,0.3524592756602878,0.8105802681371679,0.6558910692831398
STARE,im0082,APSRG Baseline,0.9356009445100354,0.9363886077779384,0.194446112278595,0.9988723442425484,0.3220225221865911,0.1919111111111111,0.0011276557574514,0.805553887721405,0.5966592282605717,0.3220225221865911
STARE,im0082,CA-APSRG,0.9356009445100354,0.9363886077779384,0.194446112278595,0.9988723442425484,0.3220225221865911,0.1919111111111111,0.0011276557574514,0.805553887721405,0.5966592282605717,0.3220225221865911
STARE,im0139,APSRG Baseline,0.94787012987013,0.7374534210734957,0.546231318084388,0.9829936601762004,0.6275998178229847,0.4573008849557522,0.0170063398237996,0.453768681915612,0.7646124891302941,0.6275998178229847
STARE,im0139,CA-APSRG,0.947922077922078,0.7382483722407496,0.5459964177702088,0.9830706932721862,0.6277322980842265,0.4574415744157442,0.0169293067278138,0.4540035822297912,0.7645335555211975,0.6277322980842265
STARE,im0162,APSRG Baseline,0.9441770956316412,0.6383329807488893,0.4999005964214711,0.9782670599003356,0.5606986899563319,0.3895631067961165,0.0217329400996643,0.5000994035785288,0.7390838281609033,0.5606986899563319
STARE,im0162,CA-APSRG,0.9441652892561984,0.6383501312780554,0.4994698475811795,0.9782873995728668,0.5604342491727702,0.3893078512396694,0.0217126004271331,0.5005301524188204,0.7388786235770233,0.5604342491727702
STARE,im0163,APSRG Baseline,0.9476953955135772,0.7399058482708673,0.4990992641446062,0.9852949079844094,0.5961015991101872,0.4246045146375042,0.0147050920155905,0.5009007358553937,0.7421970860645078,0.5961015991101872
STARE,im0163,CA-APSRG,0.9476953955135772,0.7399058482708673,0.4990992641446062,0.9852949079844094,0.5961015991101872,0.4246045146375042,0.0147050920155905,0.5009007358553937,0.7421970860645078,0.5961015991101872
STARE,im0235,APSRG Baseline,0.944193624557261,0.8209445585215606,0.4772021962282167,0.9898289005414737,0.6035628019323671,0.4322162162162162,0.0101710994585263,0.5227978037717832,0.7335155483848452,0.6035628019323671
STARE,im0235,CA-APSRG,0.9442172373081464,0.8213193334855056,0.4772021962282167,0.9898548207745484,0.6036640606650338,0.4323200768953502,0.0101451792254515,0.5227978037717832,0.7335285085013826,0.6036640606650338
STARE,im0236,APSRG Baseline,0.9428524203069658,0.829562383612663,0.4645203336809176,0.9904943656852052,0.5955548128342246,0.4240498798219937,0.0095056343147946,0.5354796663190824,0.7275073496830615,0.5955548128342246
STARE,im0236,CA-APSRG,0.9428500590318772,0.8298308559712968,0.464259645464025,0.9905177338110815,0.5954096387556209,0.4239026944682472,0.0094822661889183,0.535740354535975,0.7273886896375533,0.5954096387556209
STARE,im0239,APSRG Baseline,0.9465832349468714,0.7932803498591312,0.5158458888190096,0.987294826699472,0.6251656945917285,0.4547207558994384,0.012705173300528,0.4841541111809904,0.7515703577592407,0.6251656945917285
STARE,im0239,CA-APSRG,0.946500590318772,0.7930990899898888,0.5147521260014766,0.9873077489668648,0.6243056361616396,0.4538112916445687,0.0126922510331352,0.4852478739985234,0.7510299374841707,0.6243056361616396
STARE,im0240,APSRG Baseline,0.9258134592680048,0.892465980750083,0.3109173739102282,0.9957397233975968,0.4611717088564176,0.299690167844326,0.0042602766024031,0.6890826260897718,0.6533285486539125,0.4611717088564176
STARE,im0240,CA-APSRG,0.9258134592680048,0.892465980750083,0.3109173739102282,0.9957397233975968,0.4611717088564176,0.299690167844326,0.0042602766024031,0.6890826260897718,0.6533285486539125,0.4611717088564176
STARE,im0255,APSRG Baseline,0.9429893742621016,0.8943084771020806,0.4116560694404136,0.9952178051177784,0.5637940379403794,0.3925579289002943,0.0047821948822215,0.5883439305595863,0.7034369372790961,0.5637940379403794
STARE,im0255,CA-APSRG,0.9429893742621016,0.8943084771020806,0.4116560694404136,0.9952178051177784,0.5637940379403794,0.3925579289002943,0.0047821948822215,0.5883439305595863,0.7034369372790961,0.5637940379403794
STARE,im0291,APSRG Baseline,0.9494262101534828,0.0,0.0,1.0,0.0,0.0,0.0,1.0,0.5,0.0
STARE,im0291,CA-APSRG,0.9494262101534828,0.0,0.0,1.0,0.0,0.0,0.0,1.0,0.5,0.0
STARE,im0319,APSRG Baseline,0.9630814639905548,0.653746465598492,0.3041381200328857,0.9927477760915968,0.4151423334455542,0.2619429758308157,0.0072522239084033,0.6958618799671142,0.6484429480622412,0.4151423334455542
STARE,im0319,CA-APSRG,0.9630814639905548,0.653746465598492,0.3041381200328857,0.9927477760915968,0.4151423334455542,0.2619429758308157,0.0072522239084033,0.6958618799671142,0.6484429480622412,0.4151423334455542
STARE,im0324,APSRG Baseline,0.9289067296340024,0.2268559597752144,0.0271398747390396,0.9933862802000816,0.04847986852917,0.0248421052631578,0.0066137197999185,0.9728601252609604,0.5102630774695606,0.04847986852917
STARE,im0324,CA-APSRG,0.9289067296340024,0.2268559597752144,0.0271398747390396,0.9933862802000816,0.04847986852917,0.0248421052631578,0.0066137197999185,0.9728601252609604,0.5102630774695606,0.04847986852917
